/*
SQLyog v10.2 
MySQL - 5.6.14 : Database - shiro
*********************************************************************
*/

/*!40101 SET NAMES utf8 */;

/*!40101 SET SQL_MODE=''*/;

/*!40014 SET @OLD_UNIQUE_CHECKS=@@UNIQUE_CHECKS, UNIQUE_CHECKS=0 */;
/*!40014 SET @OLD_FOREIGN_KEY_CHECKS=@@FOREIGN_KEY_CHECKS, FOREIGN_KEY_CHECKS=0 */;
/*!40101 SET @OLD_SQL_MODE=@@SQL_MODE, SQL_MODE='NO_AUTO_VALUE_ON_ZERO' */;
/*!40111 SET @OLD_SQL_NOTES=@@SQL_NOTES, SQL_NOTES=0 */;
CREATE DATABASE /*!32312 IF NOT EXISTS*/`shiro` /*!40100 DEFAULT CHARACTER SET utf8 */;

USE `shiro`;

/*Table structure for table `shiro_permission` */

DROP TABLE IF EXISTS `shiro_permission`;

CREATE TABLE `shiro_permission` (
  `id` int(11) NOT NULL AUTO_INCREMENT COMMENT '权限资源和角色关系编号',
  `resource_id` int(11) NOT NULL COMMENT '权限资源编号',
  `role_id` int(11) NOT NULL COMMENT '权限角色编号',
  `status` tinyint(4) NOT NULL DEFAULT '0' COMMENT '0、正常 1、删除',
  PRIMARY KEY (`id`),
  UNIQUE KEY `resource_role` (`resource_id`,`role_id`),
  KEY `resource_id` (`resource_id`),
  KEY `role_id` (`role_id`),
  CONSTRAINT `shiro_permission_ibfk_1` FOREIGN KEY (`resource_id`) REFERENCES `shiro_resource` (`id`),
  CONSTRAINT `shiro_permission_ibfk_2` FOREIGN KEY (`role_id`) REFERENCES `shiro_role` (`role_id`)
) ENGINE=InnoDB AUTO_INCREMENT=4999 DEFAULT CHARSET=utf8;

/*Data for the table `shiro_permission` */

insert  into `shiro_permission`(`id`,`resource_id`,`role_id`,`status`) values (1,0,99,0),(2,1,0,0),(3,2,0,0),(4,3,0,0),(5,4,0,0),(6,6,0,0),(7,7,0,0),(8,8,0,0),(9,9,0,0),(10,4,1,0),(11,5,1,0),(12,6,2,0),(13,7,2,0),(14,8,3,0),(15,9,3,0),(16,1,4,0),(17,2,4,0),(18,3,4,0),(19,4,4,0),(20,6,4,0),(21,7,4,0),(22,8,4,0),(23,9,4,0),(24,8,5,0),(25,9,5,0),(26,10,6,0),(27,11,7,0),(28,150,100,0),(29,151,100,0),(30,152,100,0),(31,153,100,0),(32,154,100,0),(33,155,100,0),(34,157,100,0),(35,160,100,0),(36,161,100,0),(37,164,100,0),(38,165,100,0),(39,168,100,0),(40,169,100,0),(41,170,100,0),(42,174,100,0),(43,175,100,0),(44,176,100,0),(45,190,100,0),(46,191,100,0),(47,203,100,0),(48,204,100,0),(49,205,100,0),(50,206,100,0),(51,207,100,0),(52,211,100,0),(53,212,100,0),(54,213,100,0),(55,214,100,0),(56,215,100,0),(57,221,100,0),(58,222,100,0),(59,223,100,0),(60,224,100,0),(61,225,100,0),(62,226,100,0),(63,227,100,0),(64,228,100,0),(65,229,100,0),(66,230,100,0),(67,231,100,0),(68,232,100,0),(69,233,100,0),(70,234,100,0),(71,706,100,0),(72,235,100,0),(73,236,100,0),(74,237,100,0),(75,238,100,0),(76,239,100,0),(77,240,100,0),(78,241,100,0),(79,242,100,0),(80,243,100,0),(81,244,100,0),(82,245,100,0),(83,246,100,0),(84,247,100,0),(85,248,100,0),(86,249,100,0),(87,250,100,0),(88,251,100,0),(89,252,100,0),(90,253,100,0),(91,254,100,0),(92,255,100,0),(93,256,100,0),(94,257,100,0),(95,258,100,0),(96,259,100,0),(97,260,100,0),(98,261,100,0),(99,262,100,0),(100,263,100,0),(101,264,100,0),(102,265,100,0),(103,266,100,0),(104,267,100,0),(105,268,100,0),(106,269,100,0),(107,270,100,0),(108,271,100,0),(109,272,100,0),(110,273,100,0),(111,274,100,0),(112,275,100,0),(113,276,100,0),(114,277,100,0),(115,278,100,0),(116,279,100,0),(117,280,100,0),(118,281,100,0),(119,282,100,0),(120,283,100,0),(121,284,100,0),(122,285,100,0),(123,286,100,0),(124,287,100,0),(125,294,100,0),(126,295,100,0),(127,296,100,0),(128,297,100,0),(129,298,100,0),(130,299,100,0),(131,300,100,0),(132,301,100,0),(133,316,100,0),(134,317,100,0),(135,318,100,0),(136,319,100,0),(137,320,100,0),(138,321,100,0),(139,322,100,0),(140,323,100,0),(141,324,100,0),(142,325,100,0),(143,326,100,0),(144,327,100,0),(145,334,100,0),(146,335,100,0),(147,336,100,0),(148,337,100,0),(149,338,100,0),(150,339,100,0),(151,340,100,0),(152,341,100,0),(153,342,100,0),(154,343,100,0),(155,353,100,0),(156,354,100,0),(157,357,100,0),(158,358,100,0),(159,359,100,0),(160,376,100,0),(161,377,100,0),(162,378,100,0),(163,379,100,0),(164,380,100,0),(165,381,100,0),(166,382,100,0),(167,383,100,0),(168,384,100,0),(169,385,100,0),(170,386,100,0),(171,387,100,0),(172,388,100,0),(173,389,100,0),(174,390,100,0),(175,391,100,0),(176,392,100,0),(177,393,100,0),(178,394,100,0),(179,395,100,0),(180,396,100,0),(181,400,100,0),(182,401,100,0),(183,402,100,0),(184,403,100,0),(185,404,100,0),(186,405,100,0),(187,408,100,0),(188,409,100,0),(189,421,100,0),(190,422,100,0),(191,423,100,0),(192,429,100,0),(193,430,100,0),(194,431,100,0),(195,432,100,0),(196,433,100,0),(197,434,100,0),(198,435,100,0),(199,436,100,0),(200,437,100,0),(201,438,100,0),(202,439,100,0),(203,440,100,0),(204,441,100,0),(205,442,100,0),(206,443,100,0),(207,444,100,0),(208,445,100,0),(209,446,100,0),(210,447,100,0),(211,461,100,0),(212,462,100,0),(213,463,100,0),(214,464,100,0),(215,469,100,0),(216,470,100,0),(217,471,100,0),(218,472,100,0),(219,473,100,0),(220,474,100,0),(221,475,100,0),(222,476,100,0),(223,477,100,0),(224,478,100,0),(225,479,100,0),(226,480,100,0),(227,483,100,0),(228,484,100,0),(229,487,100,0),(230,488,100,0),(231,490,100,0),(232,491,100,0),(233,493,100,0),(234,494,100,0),(235,495,100,0),(236,498,100,0),(237,499,100,0),(238,500,100,0),(239,501,100,0),(240,502,100,0),(241,503,100,0),(242,504,100,0),(243,505,100,0),(244,506,100,0),(245,507,100,0),(246,508,100,0),(247,509,100,0),(248,510,100,0),(249,511,100,0),(250,512,100,0),(251,581,100,0),(252,582,100,0),(253,583,100,0),(254,584,100,0),(255,585,100,0),(256,586,100,0),(257,587,100,0),(258,588,100,0),(259,589,100,0),(260,590,100,0),(261,591,100,0),(262,592,100,0),(263,593,100,0),(264,594,100,0),(265,595,100,0),(266,596,100,0),(267,597,100,0),(268,598,100,0),(269,599,100,0),(270,600,100,0),(271,601,100,0),(272,602,100,0),(273,603,100,0),(274,604,100,0),(275,605,100,0),(276,606,100,0),(277,607,100,0),(278,608,100,0),(279,609,100,0),(280,610,100,0),(281,611,100,0),(282,612,100,0),(283,613,100,0),(284,614,100,0),(285,615,100,0),(286,616,100,0),(287,617,100,0),(288,618,100,0),(289,619,100,0),(290,620,100,0),(291,621,100,0),(292,622,100,0),(293,623,100,0),(294,624,100,0),(295,625,100,0),(296,626,100,0),(297,627,100,0),(298,628,100,0),(299,629,100,0),(300,630,100,0),(301,631,100,0),(302,632,100,0),(303,633,100,0),(304,634,100,0),(305,635,100,0),(306,636,100,0),(307,637,100,0),(308,638,100,0),(309,639,100,0),(310,640,100,0),(311,641,100,0),(312,642,100,0),(313,643,100,0),(314,644,100,0),(315,645,100,0),(316,646,100,0),(317,647,100,0),(318,648,100,0),(319,649,100,0),(320,650,100,0),(321,651,100,0),(322,652,100,0),(323,653,100,0),(324,654,100,0),(325,655,100,0),(326,656,100,0),(327,657,100,0),(328,658,100,0),(329,659,100,0),(330,660,100,0),(331,661,100,0),(332,662,100,0),(333,663,100,0),(334,664,100,0),(335,665,100,0),(336,666,100,0),(337,667,100,0),(338,668,100,0),(339,669,100,0),(340,670,100,0),(341,671,100,0),(342,672,100,0),(343,673,100,0),(344,674,100,0),(345,675,100,0),(346,676,100,0),(347,677,100,0),(348,678,100,0),(349,679,100,0),(350,680,100,0),(351,681,100,0),(352,682,100,0),(353,683,100,0),(354,684,100,0),(355,685,100,0),(356,686,100,0),(357,687,100,0),(358,688,100,0),(359,689,100,0),(360,690,100,0),(361,691,100,0),(362,692,100,0),(363,693,100,0),(364,694,100,0),(365,695,100,0),(366,696,100,0),(367,697,100,0),(368,698,100,0),(369,699,100,0),(370,700,100,0),(371,701,100,0),(372,702,100,0),(373,703,100,0),(374,704,100,0),(375,705,100,0),(376,150,101,0),(377,151,101,0),(378,152,101,0),(379,153,101,0),(380,154,101,0),(381,155,101,0),(382,157,101,0),(383,160,101,0),(384,161,101,0),(385,164,101,0),(386,165,101,0),(387,168,101,0),(388,169,101,0),(389,170,101,0),(390,174,101,0),(391,175,101,0),(392,176,101,0),(393,190,101,0),(394,191,101,0),(395,193,101,0),(396,194,101,0),(397,197,101,0),(398,198,101,0),(399,203,101,0),(400,204,101,0),(401,205,101,0),(402,206,101,0),(403,207,101,0),(404,211,101,0),(405,212,101,0),(406,213,101,0),(407,214,101,0),(408,215,101,0),(409,221,101,0),(410,222,101,0),(411,223,101,0),(412,224,101,0),(413,225,101,0),(414,226,101,0),(415,227,101,0),(416,228,101,0),(417,232,101,0),(418,706,101,0),(419,235,101,0),(420,236,101,0),(421,237,101,0),(422,238,101,0),(423,246,101,0),(424,247,101,0),(425,248,101,0),(426,249,101,0),(427,250,101,0),(428,253,101,0),(429,257,101,0),(430,258,101,0),(431,259,101,0),(432,260,101,0),(433,261,101,0),(434,262,101,0),(435,263,101,0),(436,268,101,0),(437,269,101,0),(438,270,101,0),(439,275,101,0),(440,276,101,0),(441,277,101,0),(442,278,101,0),(443,279,101,0),(444,280,101,0),(445,281,101,0),(446,282,101,0),(447,283,101,0),(448,284,101,0),(449,285,101,0),(450,286,101,0),(451,287,101,0),(452,288,101,0),(453,289,101,0),(454,290,101,0),(455,291,101,0),(456,292,101,0),(457,293,101,0),(458,294,101,0),(459,295,101,0),(460,296,101,0),(461,297,101,0),(462,298,101,0),(463,299,101,0),(464,300,101,0),(465,301,101,0),(466,316,101,0),(467,317,101,0),(468,318,101,0),(469,319,101,0),(470,320,101,0),(471,321,101,0),(472,322,101,0),(473,323,101,0),(474,324,101,0),(475,325,101,0),(476,326,101,0),(477,327,101,0),(478,328,101,0),(479,334,101,0),(480,335,101,0),(481,336,101,0),(482,337,101,0),(483,338,101,0),(484,339,101,0),(485,340,101,0),(486,341,101,0),(487,342,101,0),(488,343,101,0),(489,353,101,0),(490,354,101,0),(491,357,101,0),(492,358,101,0),(493,359,101,0),(494,369,101,0),(495,370,101,0),(496,371,101,0),(497,372,101,0),(498,373,101,0),(499,374,101,0),(500,375,101,0),(501,376,101,0),(502,377,101,0),(503,378,101,0),(504,379,101,0),(505,380,101,0),(506,381,101,0),(507,382,101,0),(508,383,101,0),(509,384,101,0),(510,385,101,0),(511,386,101,0),(512,387,101,0),(513,388,101,0),(514,389,101,0),(515,390,101,0),(516,391,101,0),(517,392,101,0),(518,393,101,0),(519,394,101,0),(520,395,101,0),(521,396,101,0),(522,400,101,0),(523,401,101,0),(524,402,101,0),(525,403,101,0),(526,404,101,0),(527,405,101,0),(528,408,101,0),(529,409,101,0),(530,414,101,0),(531,415,101,0),(532,416,101,0),(533,417,101,0),(534,418,101,0),(535,419,101,0),(536,420,101,0),(537,421,101,0),(538,422,101,0),(539,423,101,0),(540,424,101,0),(541,425,101,0),(542,426,101,0),(543,427,101,0),(544,428,101,0),(545,429,101,0),(546,430,101,0),(547,431,101,0),(548,432,101,0),(549,433,101,0),(550,434,101,0),(551,435,101,0),(552,436,101,0),(553,437,101,0),(554,438,101,0),(555,439,101,0),(556,440,101,0),(557,441,101,0),(558,442,101,0),(559,443,101,0),(560,444,101,0),(561,445,101,0),(562,446,101,0),(563,447,101,0),(564,452,101,0),(565,453,101,0),(566,454,101,0),(567,455,101,0),(568,456,101,0),(569,457,101,0),(570,458,101,0),(571,459,101,0),(572,460,101,0),(573,461,101,0),(574,462,101,0),(575,463,101,0),(576,464,101,0),(577,465,101,0),(578,466,101,0),(579,467,101,0),(580,468,101,0),(581,469,101,0),(582,470,101,0),(583,471,101,0),(584,472,101,0),(585,473,101,0),(586,474,101,0),(587,475,101,0),(588,476,101,0),(589,477,101,0),(590,478,101,0),(591,479,101,0),(592,480,101,0),(593,481,101,0),(594,482,101,0),(595,483,101,0),(596,484,101,0),(597,485,101,0),(598,486,101,0),(599,487,101,0),(600,488,101,0),(601,489,101,0),(602,490,101,0),(603,491,101,0),(604,492,101,0),(605,493,101,0),(606,494,101,0),(607,495,101,0),(608,496,101,0),(609,497,101,0),(610,498,101,0),(611,499,101,0),(612,500,101,0),(613,501,101,0),(614,502,101,0),(615,503,101,0),(616,504,101,0),(617,505,101,0),(618,506,101,0),(619,507,101,0),(620,508,101,0),(621,509,101,0),(622,510,101,0),(623,513,101,0),(624,514,101,0),(625,515,101,0),(626,516,101,0),(627,521,101,0),(628,525,101,0),(629,526,101,0),(630,527,101,0),(631,528,101,0),(632,529,101,0),(633,530,101,0),(634,531,101,0),(635,532,101,0),(636,533,101,0),(637,534,101,0),(638,535,101,0),(639,536,101,0),(640,537,101,0),(641,538,101,0),(642,539,101,0),(643,540,101,0),(644,541,101,0),(645,542,101,0),(646,543,101,0),(647,544,101,0),(648,545,101,0),(649,546,101,0),(650,547,101,0),(651,548,101,0),(652,549,101,0),(653,550,101,0),(654,551,101,0),(655,552,101,0),(656,553,101,0),(657,554,101,0),(658,555,101,0),(659,556,101,0),(660,557,101,0),(661,558,101,0),(662,559,101,0),(663,560,101,0),(664,561,101,0),(665,562,101,0),(666,568,101,0),(667,569,101,0),(668,570,101,0),(669,581,101,0),(670,582,101,0),(671,583,101,0),(672,584,101,0),(673,585,101,0),(674,586,101,0),(675,587,101,0),(676,588,101,0),(677,589,101,0),(678,590,101,0),(679,591,101,0),(680,592,101,0),(681,593,101,0),(682,594,101,0),(683,595,101,0),(684,596,101,0),(685,597,101,0),(686,598,101,0),(687,599,101,0),(688,600,101,0),(689,601,101,0),(690,602,101,0),(691,603,101,0),(692,604,101,0),(693,605,101,0),(694,606,101,0),(695,607,101,0),(696,608,101,0),(697,609,101,0),(698,610,101,0),(699,611,101,0),(700,612,101,0),(701,613,101,0),(702,614,101,0),(703,615,101,0),(704,616,101,0),(705,617,101,0),(706,618,101,0),(707,619,101,0),(708,620,101,0),(709,621,101,0),(710,622,101,0),(711,623,101,0),(712,624,101,0),(713,625,101,0),(714,626,101,0),(715,627,101,0),(716,628,101,0),(717,629,101,0),(718,630,101,0),(719,631,101,0),(720,632,101,0),(721,633,101,0),(722,634,101,0),(723,635,101,0),(724,636,101,0),(725,637,101,0),(726,638,101,0),(727,639,101,0),(728,640,101,0),(729,641,101,0),(730,642,101,0),(731,643,101,0),(732,644,101,0),(733,645,101,0),(734,646,101,0),(735,647,101,0),(736,648,101,0),(737,649,101,0),(738,650,101,0),(739,651,101,0),(740,652,101,0),(741,653,101,0),(742,654,101,0),(743,655,101,0),(744,656,101,0),(745,657,101,0),(746,658,101,0),(747,659,101,0),(748,660,101,0),(749,661,101,0),(750,662,101,0),(751,663,101,0),(752,664,101,0),(753,665,101,0),(754,666,101,0),(755,667,101,0),(756,668,101,0),(757,669,101,0),(758,670,101,0),(759,671,101,0),(760,672,101,0),(761,673,101,0),(762,674,101,0),(763,675,101,0),(764,676,101,0),(765,677,101,0),(766,678,101,0),(767,679,101,0),(768,680,101,0),(769,681,101,0),(770,682,101,0),(771,683,101,0),(772,684,101,0),(773,685,101,0),(774,686,101,0),(775,687,101,0),(776,688,101,0),(777,689,101,0),(778,690,101,0),(779,691,101,0),(780,692,101,0),(781,693,101,0),(782,694,101,0),(783,695,101,0),(784,696,101,0),(785,697,101,0),(786,698,101,0),(787,699,101,0),(788,700,101,0),(789,701,101,0),(790,702,101,0),(791,703,101,0),(792,704,101,0),(793,705,101,0),(794,100,102,0),(795,101,102,0),(796,102,102,0),(797,103,102,0),(798,104,102,0),(799,105,102,0),(800,106,102,0),(801,107,102,0),(802,108,102,0),(803,109,102,0),(804,110,102,0),(805,111,102,0),(806,112,102,0),(807,113,102,0),(808,114,102,0),(809,115,102,0),(810,116,102,0),(811,117,102,0),(812,118,102,0),(813,119,102,0),(814,120,102,0),(815,121,102,0),(816,122,102,0),(817,123,102,0),(818,124,102,0),(819,125,102,0),(820,126,102,0),(821,127,102,0),(822,128,102,0),(823,129,102,0),(824,130,102,0),(825,131,102,0),(826,132,102,0),(827,133,102,0),(828,134,102,0),(829,135,102,0),(830,136,102,0),(831,137,102,0),(832,138,102,0),(833,139,102,0),(834,140,102,0),(835,141,102,0),(836,142,102,0),(837,143,102,0),(838,144,102,0),(839,145,102,0),(840,146,102,0),(841,147,102,0),(842,148,102,0),(843,149,102,0),(844,150,102,0),(845,151,102,0),(846,152,102,0),(847,153,102,0),(848,154,102,0),(849,155,102,0),(850,156,102,0),(851,157,102,0),(852,158,102,0),(853,159,102,0),(854,160,102,0),(855,161,102,0),(856,162,102,0),(857,163,102,0),(858,164,102,0),(859,165,102,0),(860,166,102,0),(861,167,102,0),(862,168,102,0),(863,169,102,0),(864,170,102,0),(865,174,102,0),(866,175,102,0),(867,176,102,0),(868,177,102,0),(869,179,102,0),(870,190,102,0),(871,191,102,0),(872,203,102,0),(873,204,102,0),(874,205,102,0),(875,206,102,0),(876,207,102,0),(877,208,102,0),(878,209,102,0),(879,211,102,0),(880,212,102,0),(881,213,102,0),(882,214,102,0),(883,215,102,0),(884,221,102,0),(885,222,102,0),(886,223,102,0),(887,224,102,0),(888,225,102,0),(889,226,102,0),(890,227,102,0),(891,228,102,0),(892,229,102,0),(893,230,102,0),(894,231,102,0),(895,232,102,0),(896,233,102,0),(897,234,102,0),(898,706,102,0),(899,235,102,0),(900,236,102,0),(901,237,102,0),(902,238,102,0),(903,239,102,0),(904,240,102,0),(905,241,102,0),(906,242,102,0),(907,243,102,0),(908,244,102,0),(909,245,102,0),(910,246,102,0),(911,247,102,0),(912,248,102,0),(913,249,102,0),(914,250,102,0),(915,251,102,0),(916,252,102,0),(917,253,102,0),(918,254,102,0),(919,255,102,0),(920,256,102,0),(921,257,102,0),(922,258,102,0),(923,259,102,0),(924,260,102,0),(925,261,102,0),(926,262,102,0),(927,263,102,0),(928,264,102,0),(929,265,102,0),(930,266,102,0),(931,267,102,0),(932,268,102,0),(933,269,102,0),(934,270,102,0),(935,271,102,0),(936,272,102,0),(937,273,102,0),(938,274,102,0),(939,275,102,0),(940,276,102,0),(941,277,102,0),(942,278,102,0),(943,279,102,0),(944,280,102,0),(945,281,102,0),(946,282,102,0),(947,283,102,0),(948,284,102,0),(949,285,102,0),(950,286,102,0),(951,287,102,0),(952,294,102,0),(953,295,102,0),(954,296,102,0),(955,297,102,0),(956,298,102,0),(957,299,102,0),(958,300,102,0),(959,301,102,0),(960,316,102,0),(961,317,102,0),(962,318,102,0),(963,319,102,0),(964,320,102,0),(965,321,102,0),(966,322,102,0),(967,323,102,0),(968,324,102,0),(969,325,102,0),(970,326,102,0),(971,327,102,0),(972,334,102,0),(973,335,102,0),(974,336,102,0),(975,337,102,0),(976,338,102,0),(977,339,102,0),(978,340,102,0),(979,341,102,0),(980,342,102,0),(981,343,102,0),(982,353,102,0),(983,354,102,0),(984,357,102,0),(985,358,102,0),(986,359,102,0),(987,376,102,0),(988,377,102,0),(989,378,102,0),(990,379,102,0),(991,380,102,0),(992,381,102,0),(993,382,102,0),(994,383,102,0),(995,384,102,0),(996,385,102,0),(997,386,102,0),(998,387,102,0),(999,388,102,0),(1000,389,102,0),(1001,390,102,0),(1002,391,102,0),(1003,392,102,0),(1004,393,102,0),(1005,394,102,0),(1006,395,102,0),(1007,396,102,0),(1008,400,102,0),(1009,401,102,0),(1010,402,102,0),(1011,403,102,0),(1012,404,102,0),(1013,405,102,0),(1014,408,102,0),(1015,409,102,0),(1016,421,102,0),(1017,422,102,0),(1018,423,102,0),(1019,429,102,0),(1020,430,102,0),(1021,431,102,0),(1022,432,102,0),(1023,433,102,0),(1024,434,102,0),(1025,435,102,0),(1026,436,102,0),(1027,437,102,0),(1028,438,102,0),(1029,439,102,0),(1030,440,102,0),(1031,441,102,0),(1032,442,102,0),(1033,443,102,0),(1034,444,102,0),(1035,445,102,0),(1036,446,102,0),(1037,447,102,0),(1038,461,102,0),(1039,462,102,0),(1040,463,102,0),(1041,464,102,0),(1042,469,102,0),(1043,470,102,0),(1044,471,102,0),(1045,472,102,0),(1046,473,102,0),(1047,474,102,0),(1048,475,102,0),(1049,476,102,0),(1050,477,102,0),(1051,478,102,0),(1052,479,102,0),(1053,480,102,0),(1054,483,102,0),(1055,484,102,0),(1056,487,102,0),(1057,488,102,0),(1058,490,102,0),(1059,491,102,0),(1060,493,102,0),(1061,494,102,0),(1062,495,102,0),(1063,498,102,0),(1064,499,102,0),(1065,500,102,0),(1066,501,102,0),(1067,502,102,0),(1068,503,102,0),(1069,504,102,0),(1070,505,102,0),(1071,506,102,0),(1072,507,102,0),(1073,508,102,0),(1074,509,102,0),(1075,510,102,0),(1076,511,102,0),(1077,512,102,0),(1078,581,102,0),(1079,582,102,0),(1080,583,102,0),(1081,584,102,0),(1082,585,102,0),(1083,586,102,0),(1084,587,102,0),(1085,588,102,0),(1086,589,102,0),(1087,590,102,0),(1088,591,102,0),(1089,592,102,0),(1090,593,102,0),(1091,594,102,0),(1092,595,102,0),(1093,596,102,0),(1094,597,102,0),(1095,598,102,0),(1096,599,102,0),(1097,600,102,0),(1098,601,102,0),(1099,602,102,0),(1100,603,102,0),(1101,604,102,0),(1102,605,102,0),(1103,606,102,0),(1104,607,102,0),(1105,608,102,0),(1106,609,102,0),(1107,610,102,0),(1108,611,102,0),(1109,612,102,0),(1110,613,102,0),(1111,614,102,0),(1112,615,102,0),(1113,616,102,0),(1114,617,102,0),(1115,618,102,0),(1116,619,102,0),(1117,620,102,0),(1118,621,102,0),(1119,622,102,0),(1120,623,102,0),(1121,624,102,0),(1122,625,102,0),(1123,626,102,0),(1124,627,102,0),(1125,628,102,0),(1126,629,102,0),(1127,630,102,0),(1128,631,102,0),(1129,632,102,0),(1130,633,102,0),(1131,634,102,0),(1132,635,102,0),(1133,636,102,0),(1134,637,102,0),(1135,638,102,0),(1136,639,102,0),(1137,640,102,0),(1138,641,102,0),(1139,642,102,0),(1140,643,102,0),(1141,644,102,0),(1142,645,102,0),(1143,646,102,0),(1144,647,102,0),(1145,648,102,0),(1146,649,102,0),(1147,650,102,0),(1148,651,102,0),(1149,652,102,0),(1150,653,102,0),(1151,654,102,0),(1152,655,102,0),(1153,656,102,0),(1154,657,102,0),(1155,658,102,0),(1156,659,102,0),(1157,660,102,0),(1158,661,102,0),(1159,662,102,0),(1160,663,102,0),(1161,664,102,0),(1162,665,102,0),(1163,666,102,0),(1164,667,102,0),(1165,668,102,0),(1166,669,102,0),(1167,670,102,0),(1168,671,102,0),(1169,672,102,0),(1170,673,102,0),(1171,674,102,0),(1172,675,102,0),(1173,676,102,0),(1174,677,102,0),(1175,678,102,0),(1176,679,102,0),(1177,680,102,0),(1178,681,102,0),(1179,682,102,0),(1180,683,102,0),(1181,684,102,0),(1182,685,102,0),(1183,686,102,0),(1184,687,102,0),(1185,688,102,0),(1186,689,102,0),(1187,690,102,0),(1188,691,102,0),(1189,692,102,0),(1190,693,102,0),(1191,694,102,0),(1192,695,102,0),(1193,696,102,0),(1194,697,102,0),(1195,698,102,0),(1196,699,102,0),(1197,700,102,0),(1198,701,102,0),(1199,702,102,0),(1200,703,102,0),(1201,704,102,0),(1202,705,102,0),(1203,150,103,0),(1204,151,103,0),(1205,152,103,0),(1206,153,103,0),(1207,154,103,1),(1208,155,103,0),(1209,157,103,0),(1210,158,103,0),(1211,159,103,0),(1212,160,103,0),(1213,161,103,0),(1214,164,103,0),(1215,165,103,0),(1216,166,103,0),(1217,167,103,0),(1218,168,103,0),(1219,169,103,0),(1220,170,103,0),(1221,171,103,0),(1222,172,103,0),(1223,173,103,0),(1224,174,103,0),(1225,175,103,0),(1226,176,103,0),(1227,190,103,0),(1228,191,103,0),(1229,193,103,0),(1230,194,103,0),(1231,197,103,0),(1232,198,103,0),(1233,203,103,0),(1234,204,103,0),(1235,205,103,0),(1236,206,103,0),(1237,207,103,0),(1238,208,103,0),(1239,209,103,0),(1240,210,103,0),(1241,211,103,0),(1242,212,103,0),(1243,213,103,0),(1244,214,103,0),(1245,215,103,0),(1246,216,103,0),(1247,217,103,0),(1248,218,103,0),(1249,219,103,0),(1250,220,103,0),(1251,221,103,0),(1252,222,103,0),(1253,223,103,0),(1254,224,103,0),(1255,225,103,0),(1256,226,103,0),(1257,227,103,0),(1258,228,103,1),(1259,232,103,0),(1260,706,103,0),(1261,235,103,0),(1262,236,103,0),(1263,237,103,0),(1264,238,103,0),(1265,246,103,0),(1266,247,103,0),(1267,248,103,0),(1268,249,103,0),(1269,250,103,0),(1270,253,103,0),(1271,257,103,0),(1272,258,103,0),(1273,259,103,0),(1274,260,103,0),(1275,261,103,0),(1276,262,103,0),(1277,263,103,0),(1278,268,103,0),(1279,269,103,0),(1280,270,103,0),(1281,275,103,0),(1282,276,103,0),(1283,277,103,0),(1284,278,103,0),(1285,279,103,0),(1286,280,103,0),(1287,281,103,0),(1288,282,103,0),(1289,283,103,0),(1290,284,103,0),(1291,285,103,0),(1292,286,103,0),(1293,287,103,0),(1294,288,103,0),(1295,289,103,0),(1296,290,103,0),(1297,291,103,0),(1298,292,103,0),(1299,293,103,0),(1300,294,103,0),(1301,295,103,0),(1302,296,103,0),(1303,297,103,0),(1304,298,103,0),(1305,299,103,0),(1306,300,103,0),(1307,301,103,0),(1308,316,103,0),(1309,317,103,0),(1310,318,103,0),(1311,319,103,0),(1312,320,103,0),(1313,321,103,0),(1314,322,103,0),(1315,323,103,0),(1316,324,103,0),(1317,325,103,0),(1318,326,103,0),(1319,327,103,0),(1320,328,103,0),(1321,334,103,0),(1322,335,103,0),(1323,336,103,0),(1324,337,103,0),(1325,338,103,0),(1326,339,103,0),(1327,340,103,0),(1328,341,103,0),(1329,342,103,0),(1330,343,103,0),(1331,344,103,0),(1332,345,103,0),(1333,346,103,0),(1334,347,103,0),(1335,348,103,0),(1336,349,103,0),(1337,350,103,0),(1338,351,103,0),(1339,352,103,0),(1340,353,103,0),(1341,354,103,0),(1342,355,103,0),(1343,356,103,0),(1344,357,103,0),(1345,358,103,0),(1346,359,103,0),(1347,360,103,0),(1348,361,103,0),(1349,362,103,0),(1350,363,103,0),(1351,364,103,0),(1352,365,103,0),(1353,366,103,0),(1354,367,103,0),(1355,368,103,0),(1356,369,103,0),(1357,370,103,0),(1358,371,103,0),(1359,372,103,0),(1360,373,103,0),(1361,374,103,0),(1362,375,103,0),(1363,376,103,0),(1364,377,103,0),(1365,378,103,0),(1366,379,103,0),(1367,380,103,0),(1368,381,103,0),(1369,382,103,0),(1370,383,103,0),(1371,384,103,0),(1372,385,103,0),(1373,386,103,0),(1374,387,103,0),(1375,388,103,0),(1376,389,103,0),(1377,390,103,0),(1378,391,103,0),(1379,392,103,0),(1380,393,103,0),(1381,394,103,0),(1382,395,103,0),(1383,396,103,0),(1384,400,103,0),(1385,401,103,0),(1386,402,103,0),(1387,403,103,0),(1388,404,103,0),(1389,405,103,0),(1390,408,103,0),(1391,409,103,0),(1392,414,103,0),(1393,415,103,0),(1394,416,103,0),(1395,417,103,0),(1396,418,103,0),(1397,419,103,0),(1398,420,103,0),(1399,421,103,0),(1400,422,103,0),(1401,423,103,0),(1402,424,103,0),(1403,425,103,0),(1404,426,103,0),(1405,427,103,0),(1406,428,103,0),(1407,429,103,0),(1408,430,103,0),(1409,431,103,0),(1410,432,103,0),(1411,433,103,0),(1412,434,103,0),(1413,435,103,0),(1414,436,103,0),(1415,437,103,0),(1416,438,103,0),(1417,439,103,0),(1418,440,103,0),(1419,441,103,0),(1420,442,103,0),(1421,443,103,0),(1422,444,103,0),(1423,445,103,0),(1424,446,103,0),(1425,447,103,0),(1426,448,103,0),(1427,449,103,0),(1428,450,103,0),(1429,451,103,0),(1430,452,103,0),(1431,453,103,0),(1432,454,103,0),(1433,455,103,0),(1434,456,103,0),(1435,457,103,0),(1436,458,103,0),(1437,459,103,0),(1438,460,103,0),(1439,461,103,0),(1440,462,103,0),(1441,463,103,0),(1442,464,103,0),(1443,465,103,0),(1444,466,103,0),(1445,467,103,0),(1446,468,103,0),(1447,469,103,0),(1448,470,103,0),(1449,471,103,0),(1450,472,103,0),(1451,473,103,0),(1452,474,103,0),(1453,475,103,0),(1454,476,103,0),(1455,477,103,0),(1456,478,103,0),(1457,479,103,0),(1458,480,103,0),(1459,481,103,0),(1460,482,103,0),(1461,483,103,0),(1462,484,103,0),(1463,485,103,0),(1464,486,103,0),(1465,487,103,0),(1466,488,103,0),(1467,489,103,0),(1468,490,103,0),(1469,491,103,0),(1470,492,103,0),(1471,493,103,0),(1472,494,103,0),(1473,495,103,0),(1474,496,103,0),(1475,497,103,0),(1476,498,103,0),(1477,499,103,0),(1478,500,103,0),(1479,501,103,0),(1480,502,103,0),(1481,503,103,0),(1482,504,103,0),(1483,505,103,1),(1484,506,103,0),(1485,507,103,0),(1486,508,103,0),(1487,509,103,0),(1488,510,103,1),(1489,513,103,0),(1490,514,103,0),(1491,515,103,0),(1492,516,103,0),(1493,517,103,0),(1494,518,103,0),(1495,519,103,0),(1496,520,103,0),(1497,521,103,0),(1498,522,103,0),(1499,523,103,0),(1500,524,103,0),(1501,708,103,0),(1502,525,103,0),(1503,526,103,0),(1504,527,103,0),(1505,528,103,0),(1506,529,103,0),(1507,530,103,0),(1508,531,103,0),(1509,532,103,0),(1510,533,103,0),(1511,534,103,0),(1512,535,103,0),(1513,536,103,0),(1514,537,103,0),(1515,538,103,0),(1516,539,103,0),(1517,540,103,0),(1518,541,103,0),(1519,542,103,0),(1520,543,103,0),(1521,544,103,0),(1522,545,103,0),(1523,546,103,0),(1524,547,103,0),(1525,548,103,0),(1526,549,103,0),(1527,550,103,0),(1528,551,103,0),(1529,552,103,0),(1530,553,103,0),(1531,554,103,0),(1532,555,103,0),(1533,556,103,0),(1534,557,103,0),(1535,558,103,0),(1536,559,103,0),(1537,560,103,0),(1538,561,103,0),(1539,562,103,0),(1540,563,103,0),(1541,564,103,0),(1542,565,103,0),(1543,566,103,0),(1544,567,103,0),(1545,568,103,0),(1546,569,103,0),(1547,570,103,0),(1548,571,103,0),(1549,572,103,0),(1550,573,103,0),(1551,574,103,0),(1552,575,103,0),(1553,576,103,0),(1554,577,103,0),(1555,578,103,0),(1556,579,103,0),(1557,580,103,0),(1558,581,103,0),(1559,582,103,0),(1560,583,103,0),(1561,584,103,0),(1562,585,103,0),(1563,586,103,0),(1564,587,103,0),(1565,588,103,0),(1566,589,103,0),(1567,590,103,0),(1568,591,103,0),(1569,592,103,0),(1570,593,103,0),(1571,594,103,0),(1572,595,103,0),(1573,596,103,0),(1574,597,103,0),(1575,598,103,0),(1576,599,103,0),(1577,600,103,0),(1578,601,103,0),(1579,602,103,0),(1580,603,103,0),(1581,604,103,0),(1582,605,103,0),(1583,606,103,0),(1584,607,103,0),(1585,608,103,0),(1586,609,103,0),(1587,610,103,0),(1588,611,103,0),(1589,612,103,0),(1590,613,103,0),(1591,614,103,0),(1592,615,103,0),(1593,616,103,0),(1594,617,103,0),(1595,618,103,0),(1596,619,103,0),(1597,620,103,0),(1598,621,103,0),(1599,622,103,0),(1600,623,103,0),(1601,624,103,0),(1602,625,103,0),(1603,626,103,0),(1604,627,103,0),(1605,628,103,0),(1606,629,103,0),(1607,630,103,0),(1608,631,103,0),(1609,632,103,0),(1610,633,103,0),(1611,634,103,0),(1612,635,103,0),(1613,636,103,0),(1614,637,103,0),(1615,638,103,0),(1616,639,103,0),(1617,640,103,0),(1618,641,103,0),(1619,642,103,0),(1620,643,103,0),(1621,644,103,0),(1622,645,103,0),(1623,646,103,0),(1624,647,103,0),(1625,648,103,0),(1626,649,103,0),(1627,650,103,0),(1628,651,103,0),(1629,652,103,0),(1630,653,103,0),(1631,654,103,0),(1632,655,103,0),(1633,656,103,0),(1634,657,103,0),(1635,658,103,0),(1636,659,103,0),(1637,660,103,0),(1638,661,103,0),(1639,662,103,0),(1640,663,103,0),(1641,664,103,0),(1642,665,103,0),(1643,666,103,0),(1644,667,103,0),(1645,668,103,0),(1646,669,103,0),(1647,670,103,0),(1648,671,103,0),(1649,672,103,0),(1650,673,103,0),(1651,674,103,0),(1652,675,103,0),(1653,676,103,0),(1654,677,103,0),(1655,678,103,0),(1656,679,103,0),(1657,680,103,0),(1658,681,103,0),(1659,682,103,0),(1660,683,103,0),(1661,684,103,0),(1662,685,103,0),(1663,686,103,0),(1664,687,103,0),(1665,688,103,0),(1666,689,103,0),(1667,690,103,0),(1668,691,103,0),(1669,692,103,0),(1670,693,103,0),(1671,694,103,0),(1672,695,103,0),(1673,696,103,0),(1674,697,103,0),(1675,698,103,0),(1676,699,103,0),(1677,700,103,0),(1678,701,103,0),(1679,702,103,0),(1680,703,103,0),(1681,704,103,0),(1682,705,103,0),(1683,150,104,0),(1684,151,104,0),(1685,152,104,0),(1686,153,104,0),(1687,154,104,0),(1688,155,104,0),(1689,157,104,0),(1690,160,104,0),(1691,161,104,0),(1692,164,104,0),(1693,165,104,0),(1694,168,104,0),(1695,169,104,0),(1696,170,104,0),(1697,174,104,0),(1698,175,104,0),(1699,176,104,0),(1700,177,104,0),(1701,178,104,0),(1702,179,104,0),(1703,180,104,0),(1704,181,104,0),(1705,182,104,0),(1706,183,104,0),(1707,184,104,0),(1708,185,104,0),(1709,186,104,0),(1710,187,104,0),(1711,188,104,0),(1712,189,104,0),(1713,190,104,0),(1714,191,104,0),(1715,192,104,0),(1716,193,104,0),(1717,194,104,0),(1718,197,104,0),(1719,198,104,0),(1720,199,104,0),(1721,200,104,0),(1722,201,104,0),(1723,202,104,0),(1724,203,104,0),(1725,204,104,0),(1726,205,104,0),(1727,206,104,0),(1728,207,104,0),(1729,211,104,0),(1730,212,104,0),(1731,213,104,0),(1732,214,104,0),(1733,215,104,0),(1734,224,104,0),(1735,225,104,0),(1736,226,104,0),(1737,227,104,0),(1738,228,104,0),(1739,229,104,0),(1740,230,104,0),(1741,231,104,0),(1742,232,104,0),(1743,706,104,0),(1744,707,104,0),(1745,235,104,0),(1746,236,104,0),(1747,237,104,0),(1748,238,104,0),(1749,246,104,0),(1750,247,104,0),(1751,248,104,0),(1752,249,104,0),(1753,250,104,0),(1754,253,104,0),(1755,257,104,0),(1756,258,104,0),(1757,259,104,0),(1758,260,104,0),(1759,261,104,0),(1760,262,104,0),(1761,263,104,0),(1762,264,104,0),(1763,265,104,0),(1764,266,104,0),(1765,267,104,0),(1766,268,104,0),(1767,269,104,0),(1768,270,104,0),(1769,271,104,0),(1770,272,104,0),(1771,273,104,0),(1772,274,104,0),(1773,275,104,0),(1774,276,104,0),(1775,277,104,0),(1776,278,104,0),(1777,279,104,0),(1778,280,104,0),(1779,281,104,0),(1780,282,104,0),(1781,283,104,0),(1782,284,104,0),(1783,285,104,0),(1784,286,104,0),(1785,287,104,0),(1786,288,104,0),(1787,289,104,0),(1788,290,104,0),(1789,291,104,0),(1790,292,104,0),(1791,293,104,0),(1792,294,104,0),(1793,295,104,0),(1794,296,104,0),(1795,297,104,0),(1796,298,104,0),(1797,299,104,0),(1798,300,104,0),(1799,301,104,0),(1800,302,104,0),(1801,303,104,0),(1802,304,104,0),(1803,305,104,0),(1804,306,104,0),(1805,316,104,0),(1806,317,104,0),(1807,318,104,0),(1808,319,104,0),(1809,320,104,0),(1810,321,104,0),(1811,322,104,0),(1812,323,104,0),(1813,324,104,0),(1814,325,104,0),(1815,326,104,0),(1816,327,104,0),(1817,328,104,0),(1818,329,104,0),(1819,334,104,0),(1820,335,104,0),(1821,336,104,0),(1822,337,104,0),(1823,338,104,0),(1824,339,104,0),(1825,340,104,0),(1826,341,104,0),(1827,342,104,0),(1828,343,104,0),(1829,353,104,0),(1830,354,104,0),(1831,357,104,0),(1832,358,104,0),(1833,359,104,0),(1834,369,104,0),(1835,370,104,0),(1836,371,104,0),(1837,372,104,0),(1838,373,104,0),(1839,374,104,0),(1840,375,104,0),(1841,376,104,0),(1842,377,104,0),(1843,378,104,0),(1844,379,104,0),(1845,380,104,0),(1846,381,104,0),(1847,382,104,0),(1848,383,104,0),(1849,384,104,0),(1850,385,104,0),(1851,386,104,0),(1852,387,104,0),(1853,388,104,0),(1854,389,104,0),(1855,390,104,0),(1856,391,104,0),(1857,392,104,0),(1858,393,104,0),(1859,394,104,0),(1860,395,104,0),(1861,396,104,0),(1862,397,104,0),(1863,400,104,0),(1864,401,104,0),(1865,402,104,0),(1866,403,104,0),(1867,404,104,0),(1868,405,104,0),(1869,408,104,0),(1870,409,104,0),(1871,414,104,0),(1872,415,104,0),(1873,416,104,0),(1874,417,104,0),(1875,418,104,0),(1876,419,104,0),(1877,420,104,0),(1878,421,104,0),(1879,422,104,0),(1880,423,104,0),(1881,424,104,0),(1882,425,104,0),(1883,426,104,0),(1884,427,104,0),(1885,428,104,0),(1886,429,104,0),(1887,430,104,0),(1888,431,104,0),(1889,432,104,0),(1890,433,104,0),(1891,434,104,0),(1892,435,104,0),(1893,436,104,0),(1894,437,104,0),(1895,438,104,0),(1896,439,104,0),(1897,440,104,0),(1898,441,104,0),(1899,442,104,0),(1900,443,104,0),(1901,444,104,0),(1902,445,104,0),(1903,446,104,0),(1904,447,104,0),(1905,452,104,1),(1906,453,104,1),(1907,454,104,1),(1908,455,104,1),(1909,456,104,1),(1910,457,104,1),(1911,458,104,1),(1912,459,104,1),(1913,460,104,1),(1914,461,104,1),(1915,462,104,1),(1916,463,104,1),(1917,464,104,1),(1918,465,104,1),(1919,466,104,1),(1920,467,104,1),(1921,468,104,1),(1922,469,104,1),(1923,470,104,1),(1924,471,104,1),(1925,472,104,1),(1926,473,104,1),(1927,474,104,1),(1928,475,104,1),(1929,476,104,1),(1930,477,104,1),(1931,478,104,0),(1932,479,104,0),(1933,480,104,0),(1934,481,104,1),(1935,482,104,1),(1936,483,104,0),(1937,484,104,0),(1938,485,104,1),(1939,486,104,1),(1940,487,104,1),(1941,488,104,1),(1942,489,104,1),(1943,490,104,1),(1944,491,104,1),(1945,492,104,1),(1946,493,104,0),(1947,494,104,0),(1948,495,104,0),(1949,496,104,1),(1950,497,104,1),(1951,498,104,0),(1952,499,104,0),(1953,500,104,0),(1954,501,104,0),(1955,502,104,0),(1956,503,104,0),(1957,504,104,0),(1958,505,104,0),(1959,506,104,0),(1960,507,104,0),(1961,508,104,0),(1962,509,104,0),(1963,510,104,0),(1964,513,104,0),(1965,514,104,0),(1966,515,104,0),(1967,516,104,0),(1968,521,104,0),(1969,525,104,0),(1970,526,104,0),(1971,527,104,0),(1972,528,104,0),(1973,529,104,0),(1974,530,104,0),(1975,531,104,0),(1976,532,104,0),(1977,545,104,0),(1978,546,104,0),(1979,548,104,0),(1980,549,104,0),(1981,568,104,0),(1982,569,104,0),(1983,570,104,0),(1984,581,104,0),(1985,582,104,0),(1986,583,104,0),(1987,584,104,0),(1988,585,104,0),(1989,586,104,0),(1990,587,104,0),(1991,588,104,0),(1992,589,104,0),(1993,590,104,0),(1994,591,104,0),(1995,592,104,0),(1996,593,104,0),(1997,594,104,0),(1998,595,104,0),(1999,596,104,0),(2000,597,104,0),(2001,598,104,0),(2002,599,104,0),(2003,600,104,0),(2004,601,104,0),(2005,602,104,0),(2006,603,104,0),(2007,604,104,0),(2008,605,104,0),(2009,606,104,0),(2010,607,104,0),(2011,608,104,0),(2012,609,104,0),(2013,610,104,0),(2014,611,104,0),(2015,612,104,0),(2016,613,104,0),(2017,614,104,0),(2018,615,104,0),(2019,616,104,0),(2020,617,104,0),(2021,618,104,0),(2022,619,104,0),(2023,620,104,0),(2024,621,104,0),(2025,622,104,0),(2026,623,104,0),(2027,624,104,0),(2028,625,104,0),(2029,626,104,0),(2030,627,104,0),(2031,628,104,0),(2032,629,104,0),(2033,630,104,0),(2034,631,104,0),(2035,632,104,0),(2036,633,104,0),(2037,634,104,0),(2038,635,104,0),(2039,636,104,0),(2040,637,104,0),(2041,638,104,0),(2042,639,104,0),(2043,640,104,0),(2044,641,104,0),(2045,642,104,0),(2046,643,104,0),(2047,644,104,0),(2048,645,104,0),(2049,646,104,0),(2050,647,104,0),(2051,648,104,0),(2052,649,104,0),(2053,650,104,0),(2054,651,104,0),(2055,652,104,0),(2056,653,104,0),(2057,654,104,0),(2058,655,104,0),(2059,656,104,0),(2060,657,104,0),(2061,658,104,0),(2062,659,104,0),(2063,660,104,0),(2064,661,104,0),(2065,662,104,0),(2066,663,104,0),(2067,664,104,0),(2068,665,104,0),(2069,666,104,0),(2070,667,104,0),(2071,668,104,0),(2072,669,104,0),(2073,670,104,0),(2074,671,104,0),(2075,672,104,0),(2076,673,104,0),(2077,674,104,0),(2078,675,104,0),(2079,676,104,0),(2080,677,104,0),(2081,678,104,0),(2082,679,104,0),(2083,680,104,0),(2084,681,104,0),(2085,682,104,0),(2086,683,104,0),(2087,684,104,0),(2088,685,104,0),(2089,686,104,0),(2090,687,104,0),(2091,688,104,0),(2092,689,104,0),(2093,690,104,0),(2094,691,104,0),(2095,692,104,0),(2096,693,104,0),(2097,694,104,0),(2098,695,104,0),(2099,696,104,0),(2100,697,104,0),(2101,698,104,0),(2102,699,104,0),(2103,700,104,0),(2104,701,104,0),(2105,702,104,0),(2106,703,104,0),(2107,704,104,0),(2108,705,104,0),(2109,150,105,0),(2110,151,105,0),(2111,152,105,0),(2112,153,105,0),(2113,154,105,0),(2114,155,105,0),(2115,157,105,0),(2116,160,105,0),(2117,161,105,0),(2118,164,105,0),(2119,165,105,0),(2120,168,105,0),(2121,169,105,0),(2122,170,105,0),(2123,174,105,0),(2124,175,105,0),(2125,176,105,0),(2126,177,105,0),(2127,178,105,0),(2128,179,105,0),(2129,180,105,0),(2130,181,105,0),(2131,182,105,0),(2132,183,105,0),(2133,184,105,0),(2134,185,105,0),(2135,186,105,0),(2136,187,105,0),(2137,188,105,0),(2138,189,105,0),(2139,190,105,0),(2140,191,105,0),(2141,192,105,0),(2142,193,105,0),(2143,194,105,0),(2144,195,105,0),(2145,196,105,0),(2146,197,105,0),(2147,198,105,0),(2148,199,105,0),(2149,200,105,0),(2150,201,105,0),(2151,202,105,0),(2152,203,105,0),(2153,204,105,0),(2154,205,105,0),(2155,206,105,0),(2156,207,105,0),(2157,211,105,0),(2158,212,105,0),(2159,213,105,0),(2160,214,105,0),(2161,215,105,0),(2162,224,105,0),(2163,225,105,0),(2164,226,105,0),(2165,227,105,0),(2166,228,105,0),(2167,229,105,0),(2168,230,105,0),(2169,231,105,0),(2170,232,105,0),(2171,706,105,0),(2172,707,105,0),(2173,235,105,0),(2174,236,105,0),(2175,237,105,0),(2176,238,105,0),(2177,246,105,0),(2178,247,105,0),(2179,248,105,0),(2180,249,105,0),(2181,250,105,0),(2182,253,105,0),(2183,257,105,0),(2184,258,105,0),(2185,259,105,0),(2186,260,105,0),(2187,261,105,0),(2188,262,105,0),(2189,263,105,0),(2190,264,105,0),(2191,265,105,0),(2192,266,105,0),(2193,267,105,0),(2194,268,105,0),(2195,269,105,0),(2196,270,105,0),(2197,271,105,0),(2198,272,105,0),(2199,273,105,0),(2200,274,105,0),(2201,275,105,0),(2202,276,105,0),(2203,277,105,0),(2204,278,105,0),(2205,279,105,0),(2206,280,105,0),(2207,281,105,0),(2208,282,105,0),(2209,283,105,0),(2210,284,105,0),(2211,285,105,0),(2212,286,105,0),(2213,287,105,0),(2214,288,105,0),(2215,289,105,0),(2216,290,105,0),(2217,291,105,0),(2218,292,105,0),(2219,293,105,0),(2220,294,105,0),(2221,295,105,0),(2222,296,105,0),(2223,297,105,0),(2224,298,105,0),(2225,299,105,0),(2226,300,105,0),(2227,301,105,0),(2228,302,105,0),(2229,303,105,0),(2230,304,105,0),(2231,305,105,0),(2232,306,105,0),(2233,316,105,0),(2234,317,105,0),(2235,318,105,0),(2236,319,105,0),(2237,320,105,0),(2238,321,105,0),(2239,322,105,0),(2240,323,105,0),(2241,324,105,0),(2242,325,105,0),(2243,326,105,0),(2244,327,105,0),(2245,328,105,0),(2246,329,105,0),(2247,334,105,0),(2248,335,105,0),(2249,336,105,0),(2250,337,105,0),(2251,338,105,0),(2252,339,105,0),(2253,340,105,0),(2254,341,105,0),(2255,342,105,0),(2256,343,105,0),(2257,353,105,0),(2258,354,105,0),(2259,357,105,0),(2260,358,105,0),(2261,359,105,0),(2262,369,105,0),(2263,370,105,0),(2264,371,105,0),(2265,372,105,0),(2266,373,105,0),(2267,374,105,0),(2268,375,105,0),(2269,376,105,0),(2270,377,105,0),(2271,378,105,0),(2272,379,105,0),(2273,380,105,0),(2274,381,105,0),(2275,382,105,0),(2276,383,105,0),(2277,384,105,0),(2278,385,105,0),(2279,386,105,0),(2280,387,105,0),(2281,388,105,0),(2282,389,105,0),(2283,390,105,0),(2284,391,105,0),(2285,392,105,0),(2286,393,105,0),(2287,394,105,0),(2288,395,105,0),(2289,396,105,0),(2290,397,105,0),(2291,400,105,0),(2292,401,105,0),(2293,402,105,0),(2294,403,105,0),(2295,404,105,0),(2296,405,105,0),(2297,408,105,0),(2298,409,105,0),(2299,414,105,0),(2300,415,105,0),(2301,416,105,0),(2302,417,105,0),(2303,418,105,0),(2304,419,105,0),(2305,420,105,0),(2306,421,105,0),(2307,422,105,0),(2308,423,105,0),(2309,424,105,0),(2310,425,105,0),(2311,426,105,0),(2312,427,105,0),(2313,428,105,0),(2314,429,105,0),(2315,430,105,0),(2316,431,105,0),(2317,432,105,0),(2318,433,105,0),(2319,434,105,0),(2320,435,105,0),(2321,436,105,0),(2322,437,105,0),(2323,438,105,0),(2324,439,105,0),(2325,440,105,0),(2326,441,105,0),(2327,442,105,0),(2328,443,105,0),(2329,444,105,0),(2330,445,105,0),(2331,446,105,0),(2332,447,105,0),(2333,452,105,0),(2334,453,105,0),(2335,454,105,0),(2336,455,105,0),(2337,456,105,0),(2338,457,105,0),(2339,458,105,0),(2340,459,105,0),(2341,460,105,0),(2342,461,105,0),(2343,462,105,0),(2344,463,105,0),(2345,464,105,0),(2346,478,105,0),(2347,479,105,0),(2348,480,105,0),(2349,483,105,0),(2350,484,105,0),(2351,487,105,0),(2352,488,105,0),(2353,490,105,0),(2354,491,105,0),(2355,493,105,0),(2356,494,105,0),(2357,495,105,0),(2358,498,105,0),(2359,499,105,0),(2360,500,105,0),(2361,501,105,0),(2362,502,105,0),(2363,503,105,0),(2364,504,105,0),(2365,505,105,0),(2366,506,105,0),(2367,507,105,0),(2368,508,105,0),(2369,509,105,0),(2370,510,105,0),(2371,513,105,0),(2372,514,105,0),(2373,515,105,0),(2374,516,105,0),(2375,521,105,0),(2376,525,105,0),(2377,526,105,0),(2378,527,105,0),(2379,528,105,0),(2380,529,105,0),(2381,530,105,0),(2382,531,105,0),(2383,532,105,0),(2384,545,105,0),(2385,546,105,0),(2386,548,105,0),(2387,549,105,0),(2388,568,105,0),(2389,569,105,0),(2390,570,105,0),(2391,581,105,0),(2392,582,105,0),(2393,583,105,0),(2394,584,105,0),(2395,585,105,0),(2396,586,105,0),(2397,587,105,0),(2398,588,105,0),(2399,589,105,0),(2400,590,105,0),(2401,591,105,0),(2402,592,105,0),(2403,593,105,0),(2404,594,105,0),(2405,595,105,0),(2406,596,105,0),(2407,597,105,0),(2408,598,105,0),(2409,599,105,0),(2410,600,105,0),(2411,601,105,0),(2412,602,105,0),(2413,603,105,0),(2414,604,105,0),(2415,605,105,0),(2416,606,105,0),(2417,607,105,0),(2418,608,105,0),(2419,609,105,0),(2420,610,105,0),(2421,611,105,0),(2422,612,105,0),(2423,613,105,0),(2424,614,105,0),(2425,615,105,0),(2426,616,105,0),(2427,617,105,0),(2428,618,105,0),(2429,619,105,0),(2430,620,105,0),(2431,621,105,0),(2432,622,105,0),(2433,623,105,0),(2434,624,105,0),(2435,625,105,0),(2436,626,105,0),(2437,627,105,0),(2438,628,105,0),(2439,629,105,0),(2440,630,105,0),(2441,631,105,0),(2442,632,105,0),(2443,633,105,0),(2444,634,105,0),(2445,635,105,0),(2446,636,105,0),(2447,637,105,0),(2448,638,105,0),(2449,639,105,0),(2450,640,105,0),(2451,641,105,0),(2452,642,105,0),(2453,643,105,0),(2454,644,105,0),(2455,645,105,0),(2456,646,105,0),(2457,647,105,0),(2458,648,105,0),(2459,649,105,0),(2460,650,105,0),(2461,651,105,0),(2462,652,105,0),(2463,653,105,0),(2464,654,105,0),(2465,655,105,0),(2466,656,105,0),(2467,657,105,0),(2468,658,105,0),(2469,659,105,0),(2470,660,105,0),(2471,661,105,0),(2472,662,105,0),(2473,663,105,0),(2474,664,105,0),(2475,665,105,0),(2476,666,105,0),(2477,667,105,0),(2478,668,105,0),(2479,669,105,0),(2480,670,105,0),(2481,671,105,0),(2482,672,105,0),(2483,673,105,0),(2484,674,105,0),(2485,675,105,0),(2486,676,105,0),(2487,677,105,0),(2488,678,105,0),(2489,679,105,0),(2490,680,105,0),(2491,681,105,0),(2492,682,105,0),(2493,683,105,0),(2494,684,105,0),(2495,685,105,0),(2496,686,105,0),(2497,687,105,0),(2498,688,105,0),(2499,689,105,0),(2500,690,105,0),(2501,691,105,0),(2502,692,105,0),(2503,693,105,0),(2504,694,105,0),(2505,695,105,0),(2506,696,105,0),(2507,697,105,0),(2508,698,105,0),(2509,699,105,0),(2510,700,105,0),(2511,701,105,0),(2512,702,105,0),(2513,703,105,0),(2514,704,105,0),(2515,705,105,0),(2516,100,106,0),(2517,101,106,0),(2518,102,106,0),(2519,103,106,0),(2520,105,106,0),(2521,106,106,0),(2522,108,106,0),(2523,109,106,0),(2524,111,106,0),(2525,112,106,0),(2526,114,106,0),(2527,115,106,0),(2528,117,106,0),(2529,118,106,0),(2530,120,106,0),(2531,121,106,0),(2532,123,106,0),(2533,124,106,0),(2534,126,106,0),(2535,127,106,0),(2536,129,106,0),(2537,130,106,0),(2538,132,106,0),(2539,133,106,0),(2540,135,106,0),(2541,136,106,0),(2542,138,106,0),(2543,139,106,0),(2544,147,106,0),(2545,148,106,0),(2546,150,106,0),(2547,151,106,0),(2548,152,106,0),(2549,153,106,0),(2550,154,106,0),(2551,155,106,0),(2552,157,106,0),(2553,160,106,0),(2554,161,106,0),(2555,164,106,0),(2556,165,106,0),(2557,168,106,0),(2558,169,106,0),(2559,170,106,0),(2560,174,106,0),(2561,175,106,0),(2562,176,106,0),(2563,177,106,0),(2564,190,106,0),(2565,191,106,0),(2566,193,106,0),(2567,194,106,0),(2568,197,106,0),(2569,198,106,0),(2570,203,106,0),(2571,204,106,0),(2572,205,106,0),(2573,206,106,0),(2574,207,106,0),(2575,211,106,0),(2576,212,106,0),(2577,213,106,0),(2578,214,106,0),(2579,215,106,0),(2580,221,106,0),(2581,222,106,0),(2582,223,106,0),(2583,224,106,0),(2584,225,106,0),(2585,226,106,0),(2586,227,106,0),(2587,228,106,0),(2588,229,106,0),(2589,230,106,0),(2590,231,106,0),(2591,232,106,0),(2592,706,106,0),(2593,707,106,0),(2594,235,106,0),(2595,236,106,0),(2596,237,106,0),(2597,238,106,0),(2598,246,106,0),(2599,247,106,0),(2600,248,106,0),(2601,249,106,0),(2602,250,106,0),(2603,253,106,0),(2604,257,106,0),(2605,258,106,0),(2606,259,106,0),(2607,260,106,0),(2608,261,106,0),(2609,262,106,0),(2610,263,106,0),(2611,264,106,0),(2612,265,106,0),(2613,266,106,0),(2614,267,106,0),(2615,268,106,0),(2616,269,106,0),(2617,270,106,0),(2618,271,106,0),(2619,272,106,0),(2620,273,106,0),(2621,274,106,0),(2622,275,106,0),(2623,276,106,0),(2624,277,106,0),(2625,278,106,0),(2626,279,106,0),(2627,280,106,0),(2628,281,106,0),(2629,282,106,0),(2630,283,106,0),(2631,284,106,0),(2632,285,106,0),(2633,286,106,0),(2634,287,106,0),(2635,288,106,0),(2636,289,106,0),(2637,290,106,0),(2638,291,106,0),(2639,292,106,0),(2640,293,106,0),(2641,294,106,0),(2642,295,106,0),(2643,296,106,0),(2644,297,106,0),(2645,298,106,0),(2646,299,106,0),(2647,300,106,0),(2648,301,106,0),(2649,303,106,0),(2650,316,106,0),(2651,317,106,0),(2652,318,106,0),(2653,319,106,0),(2654,320,106,0),(2655,321,106,0),(2656,322,106,0),(2657,323,106,0),(2658,324,106,0),(2659,325,106,0),(2660,326,106,0),(2661,327,106,0),(2662,328,106,0),(2663,329,106,0),(2664,334,106,0),(2665,335,106,0),(2666,336,106,0),(2667,341,106,0),(2668,342,106,0),(2669,343,106,0),(2670,353,106,0),(2671,354,106,0),(2672,357,106,0),(2673,358,106,0),(2674,359,106,0),(2675,369,106,0),(2676,370,106,0),(2677,371,106,0),(2678,372,106,0),(2679,373,106,0),(2680,374,106,0),(2681,375,106,0),(2682,376,106,0),(2683,377,106,0),(2684,378,106,0),(2685,379,106,0),(2686,380,106,0),(2687,381,106,0),(2688,382,106,0),(2689,383,106,0),(2690,384,106,0),(2691,385,106,0),(2692,386,106,0),(2693,387,106,0),(2694,388,106,0),(2695,395,106,0),(2696,396,106,0),(2697,400,106,0),(2698,401,106,0),(2699,402,106,0),(2700,403,106,0),(2701,404,106,0),(2702,405,106,0),(2703,408,106,0),(2704,409,106,0),(2705,414,106,0),(2706,415,106,0),(2707,416,106,0),(2708,421,106,0),(2709,422,106,0),(2710,423,106,0),(2711,429,106,0),(2712,430,106,0),(2713,431,106,0),(2714,432,106,0),(2715,433,106,0),(2716,434,106,0),(2717,435,106,0),(2718,436,106,0),(2719,437,106,0),(2720,438,106,0),(2721,439,106,0),(2722,440,106,0),(2723,441,106,0),(2724,442,106,0),(2725,443,106,0),(2726,444,106,0),(2727,445,106,0),(2728,446,106,0),(2729,447,106,0),(2730,478,106,0),(2731,479,106,0),(2732,480,106,0),(2733,483,106,0),(2734,484,106,0),(2735,493,106,0),(2736,494,106,0),(2737,495,106,0),(2738,498,106,0),(2739,499,106,0),(2740,500,106,0),(2741,501,106,0),(2742,502,106,0),(2743,503,106,0),(2744,504,106,0),(2745,505,106,0),(2746,506,106,0),(2747,507,106,0),(2748,508,106,0),(2749,509,106,0),(2750,510,106,0),(2751,511,106,0),(2752,512,106,0),(2753,513,106,0),(2754,514,106,0),(2755,515,106,0),(2756,516,106,0),(2757,521,106,0),(2758,525,106,0),(2759,526,106,0),(2760,527,106,0),(2761,528,106,0),(2762,529,106,0),(2763,530,106,0),(2764,531,106,0),(2765,532,106,0),(2766,545,106,0),(2767,546,106,0),(2768,548,106,0),(2769,549,106,0),(2770,568,106,0),(2771,569,106,0),(2772,570,106,0),(2773,581,106,0),(2774,582,106,0),(2775,583,106,0),(2776,584,106,0),(2777,585,106,0),(2778,586,106,0),(2779,587,106,0),(2780,588,106,0),(2781,589,106,0),(2782,590,106,0),(2783,591,106,0),(2784,592,106,0),(2785,593,106,0),(2786,594,106,0),(2787,595,106,0),(2788,596,106,0),(2789,597,106,0),(2790,598,106,0),(2791,599,106,0),(2792,600,106,0),(2793,601,106,0),(2794,602,106,0),(2795,603,106,0),(2796,604,106,0),(2797,605,106,0),(2798,606,106,0),(2799,607,106,0),(2800,608,106,0),(2801,609,106,0),(2802,610,106,0),(2803,611,106,0),(2804,612,106,0),(2805,613,106,0),(2806,614,106,0),(2807,615,106,0),(2808,616,106,0),(2809,617,106,0),(2810,618,106,0),(2811,619,106,0),(2812,620,106,0),(2813,621,106,0),(2814,622,106,0),(2815,623,106,0),(2816,624,106,0),(2817,625,106,0),(2818,626,106,0),(2819,627,106,0),(2820,628,106,0),(2821,629,106,0),(2822,630,106,0),(2823,631,106,0),(2824,632,106,0),(2825,633,106,0),(2826,634,106,0),(2827,635,106,0),(2828,636,106,0),(2829,637,106,0),(2830,638,106,0),(2831,639,106,0),(2832,640,106,0),(2833,641,106,0),(2834,642,106,0),(2835,643,106,0),(2836,644,106,0),(2837,645,106,0),(2838,646,106,0),(2839,647,106,0),(2840,648,106,0),(2841,649,106,0),(2842,650,106,0),(2843,651,106,0),(2844,652,106,0),(2845,653,106,0),(2846,654,106,0),(2847,655,106,0),(2848,656,106,0),(2849,657,106,0),(2850,658,106,0),(2851,659,106,0),(2852,660,106,0),(2853,661,106,0),(2854,662,106,0),(2855,663,106,0),(2856,664,106,0),(2857,665,106,0),(2858,666,106,0),(2859,667,106,0),(2860,668,106,0),(2861,669,106,0),(2862,670,106,0),(2863,671,106,0),(2864,672,106,0),(2865,673,106,0),(2866,674,106,0),(2867,675,106,0),(2868,676,106,0),(2869,677,106,0),(2870,678,106,0),(2871,679,106,0),(2872,680,106,0),(2873,681,106,0),(2874,682,106,0),(2875,683,106,0),(2876,684,106,0),(2877,685,106,0),(2878,686,106,0),(2879,687,106,0),(2880,688,106,0),(2881,689,106,0),(2882,690,106,0),(2883,691,106,0),(2884,692,106,0),(2885,693,106,0),(2886,694,106,0),(2887,695,106,0),(2888,696,106,0),(2889,697,106,0),(2890,698,106,0),(2891,699,106,0),(2892,700,106,0),(2893,701,106,0),(2894,702,106,0),(2895,703,106,0),(2896,704,106,0),(2897,705,106,0),(2898,150,107,0),(2899,151,107,0),(2900,152,107,0),(2901,153,107,0),(2902,155,107,0),(2903,160,107,0),(2904,161,107,0),(2905,164,107,0),(2906,165,107,0),(2907,168,107,0),(2908,169,107,0),(2909,170,107,0),(2910,174,107,0),(2911,175,107,0),(2912,176,107,0),(2913,190,107,0),(2914,191,107,0),(2915,203,107,0),(2916,204,107,0),(2917,205,107,0),(2918,206,107,0),(2919,211,107,0),(2920,212,107,0),(2921,213,107,0),(2922,214,107,0),(2923,224,107,0),(2924,225,107,0),(2925,226,107,0),(2926,227,107,0),(2927,232,107,0),(2928,706,107,0),(2929,235,107,0),(2930,236,107,0),(2931,237,107,0),(2932,238,107,0),(2933,246,107,0),(2934,247,107,0),(2935,248,107,0),(2936,250,107,0),(2937,253,107,0),(2938,257,107,0),(2939,258,107,0),(2940,260,107,0),(2941,261,107,0),(2942,262,107,0),(2943,263,107,0),(2944,268,107,0),(2945,269,107,0),(2946,270,107,0),(2947,275,107,0),(2948,276,107,0),(2949,288,107,0),(2950,289,107,0),(2951,290,107,0),(2952,292,107,0),(2953,293,107,0),(2954,294,107,0),(2955,295,107,0),(2956,296,107,0),(2957,298,107,0),(2958,299,107,0),(2959,300,107,0),(2960,301,107,0),(2961,316,107,0),(2962,317,107,0),(2963,318,107,0),(2964,323,107,0),(2965,324,107,0),(2966,326,107,0),(2967,327,107,0),(2968,334,107,0),(2969,335,107,0),(2970,336,107,0),(2971,341,107,0),(2972,342,107,0),(2973,343,107,0),(2974,353,107,0),(2975,354,107,0),(2976,357,107,0),(2977,358,107,0),(2978,359,107,0),(2979,376,107,0),(2980,377,107,0),(2981,378,107,0),(2982,386,107,0),(2983,387,107,0),(2984,388,107,0),(2985,395,107,0),(2986,396,107,0),(2987,400,107,0),(2988,401,107,0),(2989,403,107,0),(2990,404,107,0),(2991,405,107,0),(2992,408,107,0),(2993,409,107,0),(2994,414,107,0),(2995,415,107,0),(2996,416,107,0),(2997,421,107,0),(2998,422,107,0),(2999,423,107,0),(3000,429,107,0),(3001,430,107,0),(3002,431,107,0),(3003,432,107,0),(3004,433,107,0),(3005,434,107,0),(3006,435,107,0),(3007,436,107,0),(3008,437,107,0),(3009,438,107,0),(3010,439,107,0),(3011,443,107,0),(3012,444,107,0),(3013,446,107,0),(3014,447,107,0),(3015,452,107,0),(3016,453,107,0),(3017,454,107,0),(3018,455,107,0),(3019,456,107,0),(3020,457,107,0),(3021,458,107,0),(3022,459,107,0),(3023,460,107,0),(3024,478,107,0),(3025,479,107,0),(3026,480,107,0),(3027,483,107,0),(3028,484,107,0),(3029,493,107,0),(3030,494,107,0),(3031,495,107,0),(3032,498,107,0),(3033,499,107,0),(3034,500,107,0),(3035,501,107,0),(3036,502,107,0),(3037,503,107,0),(3038,504,107,0),(3039,507,107,0),(3040,508,107,0),(3041,509,107,0),(3042,513,107,0),(3043,514,107,0),(3044,515,107,0),(3045,516,107,0),(3046,521,107,0),(3047,525,107,0),(3048,526,107,0),(3049,528,107,0),(3050,529,107,0),(3051,531,107,0),(3052,532,107,0),(3053,533,107,0),(3054,534,107,0),(3055,536,107,0),(3056,537,107,0),(3057,539,107,0),(3058,540,107,0),(3059,542,107,0),(3060,543,107,0),(3061,545,107,0),(3062,546,107,0),(3063,547,107,0),(3064,548,107,0),(3065,549,107,0),(3066,550,107,0),(3067,551,107,0),(3068,552,107,0),(3069,553,107,0),(3070,554,107,0),(3071,555,107,0),(3072,557,107,0),(3073,558,107,0),(3074,560,107,0),(3075,561,107,0),(3076,568,107,0),(3077,569,107,0),(3078,570,107,0),(3079,577,107,0),(3080,578,107,0),(3081,579,107,0),(3082,580,107,0),(3083,581,107,0),(3084,582,107,0),(3085,583,107,0),(3086,584,107,0),(3087,585,107,0),(3088,586,107,0),(3089,587,107,0),(3090,588,107,0),(3091,589,107,0),(3092,590,107,0),(3093,591,107,0),(3094,592,107,0),(3095,593,107,0),(3096,594,107,0),(3097,595,107,0),(3098,596,107,0),(3099,597,107,0),(3100,598,107,0),(3101,599,107,0),(3102,600,107,0),(3103,601,107,0),(3104,602,107,0),(3105,603,107,0),(3106,604,107,0),(3107,605,107,0),(3108,606,107,0),(3109,607,107,0),(3110,608,107,0),(3111,609,107,0),(3112,610,107,0),(3113,611,107,0),(3114,612,107,0),(3115,613,107,0),(3116,614,107,0),(3117,615,107,0),(3118,616,107,0),(3119,617,107,0),(3120,618,107,0),(3121,619,107,0),(3122,620,107,0),(3123,621,107,0),(3124,622,107,0),(3125,623,107,0),(3126,624,107,0),(3127,625,107,0),(3128,626,107,0),(3129,627,107,0),(3130,628,107,0),(3131,629,107,0),(3132,630,107,0),(3133,631,107,0),(3134,632,107,0),(3135,633,107,0),(3136,634,107,0),(3137,635,107,0),(3138,636,107,0),(3139,637,107,0),(3140,638,107,0),(3141,639,107,0),(3142,640,107,0),(3143,641,107,0),(3144,642,107,0),(3145,643,107,0),(3146,644,107,0),(3147,645,107,0),(3148,646,107,0),(3149,647,107,0),(3150,648,107,0),(3151,649,107,0),(3152,650,107,0),(3153,651,107,0),(3154,652,107,0),(3155,653,107,0),(3156,654,107,0),(3157,655,107,0),(3158,656,107,0),(3159,657,107,0),(3160,658,107,0),(3161,659,107,0),(3162,660,107,0),(3163,661,107,0),(3164,662,107,0),(3165,663,107,0),(3166,664,107,0),(3167,665,107,0),(3168,666,107,0),(3169,667,107,0),(3170,668,107,0),(3171,669,107,0),(3172,670,107,0),(3173,671,107,0),(3174,672,107,0),(3175,673,107,0),(3176,674,107,0),(3177,675,107,0),(3178,676,107,0),(3179,677,107,0),(3180,678,107,0),(3181,679,107,0),(3182,680,107,0),(3183,681,107,0),(3184,682,107,0),(3185,683,107,0),(3186,684,107,0),(3187,685,107,0),(3188,686,107,0),(3189,687,107,0),(3190,688,107,0),(3191,689,107,0),(3192,690,107,0),(3193,691,107,0),(3194,692,107,0),(3195,693,107,0),(3196,694,107,0),(3197,695,107,0),(3198,696,107,0),(3199,697,107,0),(3200,698,107,0),(3201,699,107,0),(3202,700,107,0),(3203,701,107,0),(3204,702,107,0),(3205,703,107,0),(3206,704,107,0),(3207,705,107,0),(3208,150,108,0),(3209,151,108,0),(3210,152,108,0),(3211,153,108,0),(3212,155,108,0),(3213,160,108,0),(3214,161,108,0),(3215,164,108,0),(3216,165,108,0),(3217,168,108,0),(3218,169,108,0),(3219,170,108,0),(3220,174,108,0),(3221,175,108,0),(3222,176,108,0),(3223,190,108,0),(3224,191,108,0),(3225,203,108,0),(3226,204,108,0),(3227,205,108,0),(3228,206,108,0),(3229,211,108,0),(3230,212,108,0),(3231,213,108,0),(3232,214,108,0),(3233,224,108,0),(3234,225,108,0),(3235,226,108,0),(3236,227,108,0),(3237,232,108,0),(3238,706,108,0),(3239,235,108,0),(3240,236,108,0),(3241,237,108,0),(3242,238,108,0),(3243,246,108,0),(3244,247,108,0),(3245,248,108,0),(3246,250,108,0),(3247,253,108,0),(3248,257,108,0),(3249,258,108,0),(3250,260,108,0),(3251,261,108,0),(3252,262,108,0),(3253,263,108,0),(3254,268,108,0),(3255,269,108,0),(3256,270,108,0),(3257,275,108,0),(3258,276,108,0),(3259,288,108,0),(3260,289,108,0),(3261,290,108,0),(3262,292,108,0),(3263,293,108,0),(3264,294,108,0),(3265,295,108,0),(3266,296,108,0),(3267,298,108,0),(3268,299,108,0),(3269,300,108,0),(3270,301,108,0),(3271,316,108,0),(3272,317,108,0),(3273,318,108,0),(3274,323,108,0),(3275,324,108,0),(3276,326,108,0),(3277,327,108,0),(3278,334,108,0),(3279,335,108,0),(3280,336,108,0),(3281,337,108,0),(3282,338,108,0),(3283,339,108,0),(3284,340,108,0),(3285,341,108,0),(3286,342,108,0),(3287,343,108,0),(3288,353,108,0),(3289,354,108,0),(3290,357,108,0),(3291,358,108,0),(3292,359,108,0),(3293,376,108,0),(3294,377,108,0),(3295,378,108,0),(3296,386,108,0),(3297,387,108,0),(3298,388,108,0),(3299,395,108,0),(3300,396,108,0),(3301,400,108,0),(3302,401,108,0),(3303,403,108,0),(3304,404,108,0),(3305,405,108,0),(3306,408,108,0),(3307,409,108,0),(3308,414,108,0),(3309,415,108,0),(3310,416,108,0),(3311,417,108,0),(3312,418,108,0),(3313,420,108,0),(3314,421,108,0),(3315,422,108,0),(3316,423,108,0),(3317,429,108,0),(3318,430,108,0),(3319,431,108,0),(3320,432,108,0),(3321,433,108,0),(3322,434,108,0),(3323,435,108,0),(3324,436,108,0),(3325,437,108,0),(3326,438,108,0),(3327,439,108,0),(3328,443,108,0),(3329,444,108,0),(3330,446,108,0),(3331,447,108,0),(3332,452,108,0),(3333,453,108,0),(3334,454,108,0),(3335,455,108,0),(3336,456,108,0),(3337,457,108,0),(3338,458,108,0),(3339,459,108,0),(3340,460,108,0),(3341,478,108,0),(3342,479,108,0),(3343,480,108,0),(3344,483,108,0),(3345,484,108,0),(3346,493,108,0),(3347,494,108,0),(3348,495,108,0),(3349,498,108,0),(3350,499,108,0),(3351,500,108,0),(3352,501,108,0),(3353,502,108,0),(3354,503,108,0),(3355,504,108,0),(3356,507,108,0),(3357,508,108,0),(3358,509,108,0),(3359,513,108,0),(3360,514,108,0),(3361,515,108,0),(3362,516,108,0),(3363,521,108,0),(3364,525,108,0),(3365,526,108,0),(3366,528,108,0),(3367,529,108,0),(3368,531,108,0),(3369,532,108,0),(3370,533,108,0),(3371,534,108,0),(3372,536,108,0),(3373,537,108,0),(3374,539,108,0),(3375,540,108,0),(3376,542,108,0),(3377,543,108,0),(3378,545,108,0),(3379,546,108,0),(3380,547,108,0),(3381,548,108,0),(3382,549,108,0),(3383,550,108,0),(3384,551,108,0),(3385,552,108,0),(3386,553,108,0),(3387,554,108,0),(3388,555,108,0),(3389,557,108,0),(3390,558,108,0),(3391,560,108,0),(3392,561,108,0),(3393,568,108,0),(3394,569,108,0),(3395,570,108,0),(3396,577,108,0),(3397,578,108,0),(3398,579,108,0),(3399,580,108,0),(3400,581,108,0),(3401,582,108,0),(3402,583,108,0),(3403,584,108,0),(3404,585,108,0),(3405,586,108,0),(3406,587,108,0),(3407,588,108,0),(3408,589,108,0),(3409,590,108,0),(3410,591,108,0),(3411,592,108,0),(3412,593,108,0),(3413,594,108,0),(3414,595,108,0),(3415,596,108,0),(3416,597,108,0),(3417,598,108,0),(3418,599,108,0),(3419,600,108,0),(3420,601,108,0),(3421,602,108,0),(3422,603,108,0),(3423,604,108,0),(3424,605,108,0),(3425,606,108,0),(3426,607,108,0),(3427,608,108,0),(3428,609,108,0),(3429,610,108,0),(3430,611,108,0),(3431,612,108,0),(3432,613,108,0),(3433,614,108,0),(3434,615,108,0),(3435,616,108,0),(3436,617,108,0),(3437,618,108,0),(3438,619,108,0),(3439,620,108,0),(3440,621,108,0),(3441,622,108,0),(3442,623,108,0),(3443,624,108,0),(3444,625,108,0),(3445,626,108,0),(3446,627,108,0),(3447,628,108,0),(3448,629,108,0),(3449,630,108,0),(3450,631,108,0),(3451,632,108,0),(3452,633,108,0),(3453,634,108,0),(3454,635,108,0),(3455,636,108,0),(3456,637,108,0),(3457,638,108,0),(3458,639,108,0),(3459,640,108,0),(3460,641,108,0),(3461,642,108,0),(3462,643,108,0),(3463,644,108,0),(3464,645,108,0),(3465,646,108,0),(3466,647,108,0),(3467,648,108,0),(3468,649,108,0),(3469,650,108,0),(3470,651,108,0),(3471,652,108,0),(3472,653,108,0),(3473,654,108,0),(3474,655,108,0),(3475,656,108,0),(3476,657,108,0),(3477,658,108,0),(3478,659,108,0),(3479,660,108,0),(3480,661,108,0),(3481,662,108,0),(3482,663,108,0),(3483,664,108,0),(3484,665,108,0),(3485,666,108,0),(3486,667,108,0),(3487,668,108,0),(3488,669,108,0),(3489,670,108,0),(3490,671,108,0),(3491,672,108,0),(3492,673,108,0),(3493,674,108,0),(3494,675,108,0),(3495,676,108,0),(3496,677,108,0),(3497,678,108,0),(3498,679,108,0),(3499,680,108,0),(3500,681,108,0),(3501,682,108,0),(3502,683,108,0),(3503,684,108,0),(3504,685,108,0),(3505,686,108,0),(3506,687,108,0),(3507,688,108,0),(3508,689,108,0),(3509,690,108,0),(3510,691,108,0),(3511,692,108,0),(3512,693,108,0),(3513,694,108,0),(3514,695,108,0),(3515,696,108,0),(3516,697,108,0),(3517,698,108,0),(3518,699,108,0),(3519,700,108,0),(3520,701,108,0),(3521,702,108,0),(3522,703,108,0),(3523,704,108,0),(3524,705,108,0),(3525,150,109,0),(3526,151,109,0),(3527,152,109,0),(3528,153,109,0),(3529,160,109,0),(3530,161,109,0),(3531,162,109,0),(3532,163,109,0),(3533,164,109,0),(3534,165,109,0),(3535,166,109,0),(3536,167,109,0),(3537,168,109,0),(3538,169,109,0),(3539,170,109,0),(3540,174,109,0),(3541,175,109,0),(3542,176,109,0),(3543,190,109,0),(3544,191,109,0),(3545,203,109,0),(3546,204,109,0),(3547,205,109,0),(3548,206,109,0),(3549,211,109,0),(3550,212,109,0),(3551,213,109,0),(3552,214,109,0),(3553,221,109,0),(3554,222,109,0),(3555,223,109,0),(3556,224,109,0),(3557,225,109,0),(3558,226,109,0),(3559,227,109,0),(3560,232,109,0),(3561,706,109,0),(3562,235,109,0),(3563,236,109,0),(3564,237,109,0),(3565,238,109,0),(3566,246,109,0),(3567,247,109,0),(3568,248,109,0),(3569,250,109,0),(3570,253,109,0),(3571,257,109,0),(3572,258,109,0),(3573,260,109,0),(3574,261,109,0),(3575,262,109,0),(3576,263,109,0),(3577,268,109,0),(3578,269,109,0),(3579,270,109,0),(3580,275,109,0),(3581,276,109,0),(3582,288,109,0),(3583,289,109,0),(3584,290,109,0),(3585,292,109,0),(3586,293,109,0),(3587,294,109,0),(3588,295,109,0),(3589,296,109,0),(3590,298,109,0),(3591,299,109,0),(3592,300,109,0),(3593,301,109,0),(3594,316,109,0),(3595,317,109,0),(3596,318,109,0),(3597,323,109,0),(3598,324,109,0),(3599,326,109,0),(3600,327,109,0),(3601,334,109,0),(3602,335,109,0),(3603,336,109,0),(3604,341,109,0),(3605,342,109,0),(3606,343,109,0),(3607,353,109,0),(3608,354,109,0),(3609,357,109,0),(3610,358,109,0),(3611,359,109,0),(3612,369,109,0),(3613,370,109,0),(3614,371,109,0),(3615,372,109,0),(3616,373,109,0),(3617,374,109,0),(3618,375,109,0),(3619,376,109,0),(3620,377,109,0),(3621,378,109,0),(3622,379,109,0),(3623,380,109,0),(3624,381,109,0),(3625,382,109,0),(3626,383,109,0),(3627,384,109,0),(3628,385,109,0),(3629,386,109,0),(3630,387,109,0),(3631,388,109,0),(3632,395,109,0),(3633,396,109,0),(3634,400,109,0),(3635,401,109,0),(3636,403,109,0),(3637,404,109,0),(3638,405,109,0),(3639,406,109,0),(3640,407,109,0),(3641,408,109,0),(3642,409,109,0),(3643,410,109,0),(3644,411,109,0),(3645,412,109,0),(3646,413,109,0),(3647,414,109,0),(3648,415,109,0),(3649,416,109,0),(3650,421,109,0),(3651,422,109,0),(3652,423,109,0),(3653,431,109,0),(3654,432,109,0),(3655,433,109,0),(3656,434,109,0),(3657,435,109,0),(3658,436,109,0),(3659,437,109,0),(3660,438,109,0),(3661,439,109,0),(3662,440,109,0),(3663,441,109,0),(3664,442,109,0),(3665,443,109,0),(3666,444,109,0),(3667,445,109,0),(3668,446,109,0),(3669,447,109,0),(3670,473,109,0),(3671,474,109,0),(3672,475,109,0),(3673,478,109,0),(3674,479,109,0),(3675,480,109,0),(3676,483,109,0),(3677,484,109,0),(3678,493,109,0),(3679,494,109,0),(3680,495,109,0),(3681,498,109,0),(3682,499,109,0),(3683,500,109,0),(3684,501,109,0),(3685,502,109,0),(3686,503,109,0),(3687,504,109,0),(3688,506,109,0),(3689,507,109,0),(3690,508,109,0),(3691,509,109,0),(3692,513,109,0),(3693,514,109,0),(3694,515,109,0),(3695,516,109,0),(3696,521,109,0),(3697,525,109,0),(3698,526,109,0),(3699,528,109,0),(3700,529,109,0),(3701,531,109,0),(3702,532,109,0),(3703,545,109,0),(3704,546,109,0),(3705,568,109,0),(3706,569,109,0),(3707,570,109,0),(3708,581,109,0),(3709,582,109,0),(3710,583,109,0),(3711,584,109,0),(3712,585,109,0),(3713,586,109,0),(3714,587,109,0),(3715,588,109,0),(3716,589,109,0),(3717,590,109,0),(3718,591,109,0),(3719,592,109,0),(3720,593,109,0),(3721,594,109,0),(3722,595,109,0),(3723,596,109,0),(3724,597,109,0),(3725,598,109,0),(3726,599,109,0),(3727,600,109,0),(3728,601,109,0),(3729,602,109,0),(3730,603,109,0),(3731,604,109,0),(3732,605,109,0),(3733,606,109,0),(3734,607,109,0),(3735,608,109,0),(3736,609,109,0),(3737,610,109,0),(3738,611,109,0),(3739,612,109,0),(3740,613,109,0),(3741,614,109,0),(3742,615,109,0),(3743,616,109,0),(3744,617,109,0),(3745,618,109,0),(3746,619,109,0),(3747,620,109,0),(3748,621,109,0),(3749,622,109,0),(3750,623,109,0),(3751,624,109,0),(3752,625,109,0),(3753,626,109,0),(3754,627,109,0),(3755,628,109,0),(3756,629,109,0),(3757,630,109,0),(3758,631,109,0),(3759,632,109,0),(3760,633,109,0),(3761,634,109,0),(3762,635,109,0),(3763,636,109,0),(3764,637,109,0),(3765,638,109,0),(3766,639,109,0),(3767,640,109,0),(3768,641,109,0),(3769,642,109,0),(3770,643,109,0),(3771,644,109,0),(3772,645,109,0),(3773,646,109,0),(3774,647,109,0),(3775,648,109,0),(3776,649,109,0),(3777,650,109,0),(3778,651,109,0),(3779,652,109,0),(3780,653,109,0),(3781,654,109,0),(3782,655,109,0),(3783,656,109,0),(3784,657,109,0),(3785,658,109,0),(3786,659,109,0),(3787,660,109,0),(3788,661,109,0),(3789,662,109,0),(3790,663,109,0),(3791,664,109,0),(3792,665,109,0),(3793,666,109,0),(3794,667,109,0),(3795,668,109,0),(3796,669,109,0),(3797,670,109,0),(3798,671,109,0),(3799,672,109,0),(3800,673,109,0),(3801,674,109,0),(3802,675,109,0),(3803,676,109,0),(3804,677,109,0),(3805,678,109,0),(3806,679,109,0),(3807,680,109,0),(3808,681,109,0),(3809,682,109,0),(3810,683,109,0),(3811,684,109,0),(3812,685,109,0),(3813,686,109,0),(3814,687,109,0),(3815,688,109,0),(3816,689,109,0),(3817,690,109,0),(3818,691,109,0),(3819,692,109,0),(3820,693,109,0),(3821,694,109,0),(3822,695,109,0),(3823,696,109,0),(3824,697,109,0),(3825,698,109,0),(3826,699,109,0),(3827,700,109,0),(3828,701,109,0),(3829,702,109,0),(3830,703,109,0),(3831,704,109,0),(3832,705,109,0),(3833,150,110,0),(3834,151,110,0),(3835,152,110,0),(3836,153,110,0),(3837,154,110,0),(3838,155,110,0),(3839,157,110,0),(3840,160,110,0),(3841,161,110,0),(3842,164,110,0),(3843,165,110,0),(3844,168,110,1),(3845,169,110,1),(3846,170,110,1),(3847,174,110,0),(3848,175,110,0),(3849,176,110,0),(3850,190,110,0),(3851,191,110,0),(3852,193,110,0),(3853,194,110,0),(3854,197,110,0),(3855,198,110,0),(3856,203,110,0),(3857,204,110,0),(3858,205,110,0),(3859,206,110,0),(3860,207,110,0),(3861,211,110,0),(3862,212,110,0),(3863,213,110,0),(3864,214,110,0),(3865,215,110,0),(3866,221,110,0),(3867,222,110,0),(3868,223,110,0),(3869,224,110,0),(3870,225,110,0),(3871,226,110,0),(3872,227,110,0),(3873,228,110,0),(3874,232,110,0),(3875,706,110,0),(3876,235,110,0),(3877,236,110,0),(3878,237,110,0),(3879,238,110,0),(3880,246,110,0),(3881,247,110,0),(3882,248,110,0),(3883,249,110,0),(3884,250,110,0),(3885,253,110,0),(3886,257,110,0),(3887,258,110,0),(3888,259,110,0),(3889,260,110,0),(3890,261,110,0),(3891,262,110,0),(3892,263,110,0),(3893,268,110,0),(3894,269,110,0),(3895,270,110,0),(3896,275,110,0),(3897,276,110,0),(3898,277,110,0),(3899,278,110,0),(3900,279,110,0),(3901,280,110,0),(3902,281,110,0),(3903,282,110,0),(3904,283,110,0),(3905,284,110,0),(3906,285,110,0),(3907,286,110,0),(3908,287,110,0),(3909,288,110,0),(3910,289,110,0),(3911,290,110,0),(3912,291,110,0),(3913,292,110,0),(3914,293,110,0),(3915,294,110,0),(3916,295,110,0),(3917,296,110,0),(3918,297,110,0),(3919,298,110,0),(3920,299,110,0),(3921,300,110,0),(3922,301,110,0),(3923,316,110,0),(3924,317,110,0),(3925,318,110,0),(3926,319,110,0),(3927,320,110,0),(3928,321,110,0),(3929,322,110,0),(3930,323,110,0),(3931,324,110,0),(3932,325,110,0),(3933,326,110,0),(3934,327,110,0),(3935,328,110,0),(3936,334,110,0),(3937,335,110,0),(3938,336,110,0),(3939,337,110,0),(3940,338,110,0),(3941,339,110,0),(3942,340,110,0),(3943,341,110,0),(3944,342,110,0),(3945,343,110,0),(3946,353,110,0),(3947,354,110,0),(3948,357,110,0),(3949,358,110,0),(3950,359,110,0),(3951,369,110,0),(3952,370,110,0),(3953,371,110,0),(3954,372,110,0),(3955,373,110,0),(3956,374,110,0),(3957,375,110,0),(3958,376,110,0),(3959,377,110,0),(3960,378,110,0),(3961,379,110,0),(3962,380,110,0),(3963,381,110,0),(3964,382,110,0),(3965,383,110,0),(3966,384,110,0),(3967,385,110,0),(3968,386,110,0),(3969,387,110,0),(3970,388,110,0),(3971,389,110,0),(3972,390,110,0),(3973,391,110,0),(3974,392,110,0),(3975,393,110,0),(3976,394,110,0),(3977,395,110,0),(3978,396,110,0),(3979,400,110,0),(3980,401,110,0),(3981,402,110,0),(3982,403,110,0),(3983,404,110,0),(3984,405,110,0),(3985,408,110,0),(3986,409,110,0),(3987,414,110,0),(3988,415,110,0),(3989,416,110,0),(3990,417,110,0),(3991,418,110,0),(3992,419,110,0),(3993,420,110,0),(3994,421,110,0),(3995,422,110,0),(3996,423,110,0),(3997,424,110,0),(3998,425,110,0),(3999,426,110,0),(4000,427,110,0),(4001,428,110,0),(4002,429,110,0),(4003,430,110,0),(4004,431,110,0),(4005,432,110,0),(4006,433,110,0),(4007,434,110,0),(4008,435,110,0),(4009,436,110,0),(4010,437,110,0),(4011,438,110,0),(4012,439,110,0),(4013,440,110,0),(4014,441,110,0),(4015,442,110,0),(4016,443,110,0),(4017,444,110,0),(4018,445,110,0),(4019,446,110,0),(4020,447,110,0),(4021,452,110,0),(4022,453,110,0),(4023,454,110,0),(4024,455,110,0),(4025,456,110,0),(4026,457,110,0),(4027,458,110,0),(4028,459,110,0),(4029,460,110,0),(4030,461,110,0),(4031,462,110,0),(4032,463,110,0),(4033,464,110,0),(4034,465,110,0),(4035,466,110,0),(4036,467,110,0),(4037,468,110,0),(4038,469,110,0),(4039,470,110,0),(4040,471,110,0),(4041,472,110,0),(4042,473,110,0),(4043,474,110,0),(4044,475,110,0),(4045,476,110,0),(4046,477,110,0),(4047,478,110,0),(4048,479,110,0),(4049,480,110,0),(4050,481,110,0),(4051,482,110,0),(4052,483,110,0),(4053,484,110,0),(4054,485,110,0),(4055,486,110,0),(4056,487,110,0),(4057,488,110,0),(4058,489,110,0),(4059,490,110,0),(4060,491,110,0),(4061,492,110,0),(4062,493,110,0),(4063,494,110,0),(4064,495,110,0),(4065,496,110,0),(4066,497,110,0),(4067,498,110,0),(4068,499,110,0),(4069,500,110,0),(4070,501,110,0),(4071,502,110,0),(4072,503,110,0),(4073,504,110,0),(4074,505,110,0),(4075,506,110,0),(4076,507,110,0),(4077,508,110,0),(4078,509,110,0),(4079,510,110,0),(4080,513,110,0),(4081,514,110,0),(4082,515,110,0),(4083,516,110,0),(4084,521,110,0),(4085,525,110,0),(4086,526,110,0),(4087,527,110,0),(4088,528,110,0),(4089,529,110,0),(4090,530,110,0),(4091,531,110,0),(4092,532,110,0),(4093,533,110,0),(4094,534,110,0),(4095,535,110,0),(4096,536,110,0),(4097,537,110,0),(4098,538,110,0),(4099,539,110,0),(4100,540,110,0),(4101,541,110,0),(4102,542,110,0),(4103,543,110,0),(4104,544,110,0),(4105,545,110,0),(4106,546,110,0),(4107,547,110,0),(4108,548,110,0),(4109,549,110,0),(4110,550,110,0),(4111,551,110,0),(4112,552,110,0),(4113,553,110,0),(4114,554,110,0),(4115,555,110,0),(4116,556,110,0),(4117,557,110,0),(4118,558,110,0),(4119,559,110,0),(4120,560,110,0),(4121,561,110,0),(4122,562,110,0),(4123,568,110,0),(4124,569,110,0),(4125,570,110,0),(4126,581,110,0),(4127,582,110,0),(4128,583,110,0),(4129,584,110,0),(4130,585,110,0),(4131,586,110,0),(4132,587,110,0),(4133,588,110,0),(4134,589,110,0),(4135,590,110,0),(4136,591,110,0),(4137,592,110,0),(4138,593,110,0),(4139,594,110,0),(4140,595,110,0),(4141,596,110,0),(4142,597,110,0),(4143,598,110,0),(4144,599,110,0),(4145,600,110,0),(4146,601,110,0),(4147,602,110,0),(4148,603,110,0),(4149,604,110,0),(4150,605,110,0),(4151,606,110,0),(4152,607,110,0),(4153,608,110,0),(4154,609,110,0),(4155,610,110,0),(4156,611,110,0),(4157,612,110,0),(4158,613,110,0),(4159,614,110,0),(4160,615,110,0),(4161,616,110,0),(4162,617,110,0),(4163,618,110,0),(4164,619,110,0),(4165,620,110,0),(4166,621,110,0),(4167,622,110,0),(4168,623,110,0),(4169,624,110,0),(4170,625,110,0),(4171,626,110,0),(4172,627,110,0),(4173,628,110,0),(4174,629,110,0),(4175,630,110,0),(4176,631,110,0),(4177,632,110,0),(4178,633,110,0),(4179,634,110,0),(4180,635,110,0),(4181,636,110,0),(4182,637,110,0),(4183,638,110,0),(4184,639,110,0),(4185,640,110,0),(4186,641,110,0),(4187,642,110,0),(4188,643,110,0),(4189,644,110,0),(4190,645,110,0),(4191,646,110,0),(4192,647,110,0),(4193,648,110,0),(4194,649,110,0),(4195,650,110,0),(4196,651,110,0),(4197,652,110,0),(4198,653,110,0),(4199,654,110,0),(4200,655,110,0),(4201,656,110,0),(4202,657,110,0),(4203,658,110,0),(4204,659,110,0),(4205,660,110,0),(4206,661,110,0),(4207,662,110,0),(4208,663,110,0),(4209,664,110,0),(4210,665,110,0),(4211,666,110,0),(4212,667,110,0),(4213,668,110,0),(4214,669,110,0),(4215,670,110,0),(4216,671,110,0),(4217,672,110,0),(4218,673,110,0),(4219,674,110,0),(4220,675,110,0),(4221,676,110,0),(4222,677,110,0),(4223,678,110,0),(4224,679,110,0),(4225,680,110,0),(4226,681,110,0),(4227,682,110,0),(4228,683,110,0),(4229,684,110,0),(4230,685,110,0),(4231,686,110,0),(4232,687,110,0),(4233,688,110,0),(4234,689,110,0),(4235,690,110,0),(4236,691,110,0),(4237,692,110,0),(4238,693,110,0),(4239,694,110,0),(4240,695,110,0),(4241,696,110,0),(4242,697,110,0),(4243,698,110,0),(4244,699,110,0),(4245,700,110,0),(4246,701,110,0),(4247,702,110,0),(4248,703,110,0),(4249,704,110,0),(4250,705,110,0),(4251,448,102,0),(4252,449,102,0),(4253,450,102,0),(4254,451,102,0),(4255,150,111,0),(4256,151,111,0),(4257,152,111,0),(4258,153,111,0),(4259,154,111,0),(4260,155,111,0),(4261,156,111,0),(4262,157,111,0),(4263,158,111,0),(4264,159,111,0),(4265,160,111,0),(4266,161,111,0),(4267,162,111,0),(4268,163,111,0),(4269,164,111,0),(4270,165,111,0),(4271,166,111,0),(4272,167,111,0),(4273,168,111,0),(4274,169,111,0),(4275,170,111,0),(4276,171,111,0),(4277,172,111,0),(4278,173,111,0),(4279,174,111,0),(4280,175,111,0),(4281,176,111,0),(4282,177,111,0),(4283,178,111,0),(4284,179,111,0),(4285,180,111,0),(4286,181,111,0),(4287,182,111,0),(4288,183,111,0),(4289,184,111,0),(4290,185,111,0),(4291,186,111,0),(4292,187,111,0),(4293,188,111,0),(4294,189,111,0),(4295,190,111,0),(4296,191,111,0),(4297,192,111,0),(4298,193,111,0),(4299,194,111,0),(4300,195,111,0),(4301,196,111,0),(4302,197,111,0),(4303,198,111,0),(4304,199,111,0),(4305,200,111,0),(4306,201,111,0),(4307,202,111,0),(4308,203,111,0),(4309,204,111,0),(4310,205,111,0),(4311,206,111,0),(4312,207,111,0),(4313,210,111,0),(4314,211,111,0),(4315,212,111,0),(4316,213,111,0),(4317,214,111,0),(4318,215,111,0),(4319,216,111,0),(4320,217,111,0),(4321,218,111,0),(4322,219,111,0),(4323,220,111,0),(4324,221,111,0),(4325,222,111,0),(4326,223,111,0),(4327,224,111,0),(4328,225,111,0),(4329,226,111,0),(4330,227,111,0),(4331,228,111,0),(4332,229,111,0),(4333,230,111,0),(4334,231,111,0),(4335,232,111,0),(4336,233,111,0),(4337,234,111,0),(4338,706,111,0),(4339,707,111,0),(4340,235,111,0),(4341,236,111,0),(4342,237,111,0),(4343,238,111,0),(4344,239,111,0),(4345,240,111,0),(4346,241,111,0),(4347,242,111,0),(4348,243,111,0),(4349,244,111,0),(4350,245,111,0),(4351,246,111,0),(4352,247,111,0),(4353,248,111,0),(4354,249,111,0),(4355,250,111,0),(4356,251,111,0),(4357,252,111,0),(4358,253,111,0),(4359,254,111,0),(4360,255,111,0),(4361,256,111,0),(4362,257,111,0),(4363,258,111,0),(4364,259,111,0),(4365,260,111,0),(4366,261,111,0),(4367,262,111,0),(4368,263,111,0),(4369,264,111,0),(4370,265,111,0),(4371,266,111,0),(4372,267,111,0),(4373,268,111,0),(4374,269,111,0),(4375,270,111,0),(4376,271,111,0),(4377,272,111,0),(4378,273,111,0),(4379,274,111,0),(4380,275,111,0),(4381,276,111,0),(4382,277,111,0),(4383,278,111,0),(4384,279,111,0),(4385,280,111,0),(4386,281,111,0),(4387,282,111,0),(4388,283,111,0),(4389,284,111,0),(4390,285,111,0),(4391,286,111,0),(4392,287,111,0),(4393,288,111,0),(4394,289,111,0),(4395,290,111,0),(4396,291,111,0),(4397,292,111,0),(4398,293,111,0),(4399,294,111,0),(4400,295,111,0),(4401,296,111,0),(4402,297,111,0),(4403,298,111,0),(4404,299,111,0),(4405,300,111,0),(4406,301,111,0),(4407,302,111,0),(4408,303,111,0),(4409,304,111,0),(4410,305,111,0),(4411,306,111,0),(4412,316,111,0),(4413,317,111,0),(4414,318,111,0),(4415,319,111,0),(4416,320,111,0),(4417,321,111,0),(4418,322,111,0),(4419,323,111,0),(4420,324,111,0),(4421,325,111,0),(4422,326,111,0),(4423,327,111,0),(4424,328,111,0),(4425,329,111,0),(4426,330,111,0),(4427,331,111,0),(4428,332,111,0),(4429,333,111,0),(4430,334,111,0),(4431,335,111,0),(4432,336,111,0),(4433,337,111,0),(4434,338,111,0),(4435,339,111,0),(4436,340,111,0),(4437,341,111,0),(4438,342,111,0),(4439,343,111,0),(4440,344,111,0),(4441,345,111,0),(4442,346,111,0),(4443,347,111,0),(4444,348,111,0),(4445,349,111,0),(4446,350,111,0),(4447,351,111,0),(4448,352,111,0),(4449,353,111,0),(4450,354,111,0),(4451,355,111,0),(4452,356,111,0),(4453,357,111,0),(4454,358,111,0),(4455,359,111,0),(4456,360,111,0),(4457,361,111,0),(4458,362,111,0),(4459,363,111,0),(4460,364,111,0),(4461,365,111,0),(4462,366,111,0),(4463,367,111,0),(4464,368,111,0),(4465,369,111,0),(4466,370,111,0),(4467,371,111,0),(4468,372,111,0),(4469,373,111,0),(4470,374,111,0),(4471,375,111,0),(4472,376,111,0),(4473,377,111,0),(4474,378,111,0),(4475,379,111,0),(4476,380,111,0),(4477,381,111,0),(4478,382,111,0),(4479,383,111,0),(4480,384,111,0),(4481,385,111,0),(4482,386,111,0),(4483,387,111,0),(4484,388,111,0),(4485,389,111,0),(4486,390,111,0),(4487,391,111,0),(4488,392,111,0),(4489,393,111,0),(4490,394,111,0),(4491,395,111,0),(4492,396,111,0),(4493,397,111,0),(4494,398,111,0),(4495,399,111,0),(4496,400,111,0),(4497,401,111,0),(4498,402,111,0),(4499,403,111,0),(4500,404,111,0),(4501,405,111,0),(4502,406,111,0),(4503,407,111,0),(4504,408,111,0),(4505,409,111,0),(4506,410,111,0),(4507,411,111,0),(4508,412,111,0),(4509,413,111,0),(4510,414,111,0),(4511,415,111,0),(4512,416,111,0),(4513,417,111,0),(4514,418,111,0),(4515,419,111,0),(4516,420,111,0),(4517,421,111,0),(4518,422,111,0),(4519,423,111,0),(4520,424,111,0),(4521,425,111,0),(4522,426,111,0),(4523,427,111,0),(4524,428,111,0),(4525,429,111,0),(4526,430,111,0),(4527,431,111,0),(4528,432,111,0),(4529,433,111,0),(4530,434,111,0),(4531,435,111,0),(4532,436,111,0),(4533,437,111,0),(4534,438,111,0),(4535,439,111,0),(4536,440,111,0),(4537,441,111,0),(4538,442,111,0),(4539,443,111,0),(4540,444,111,0),(4541,445,111,0),(4542,446,111,0),(4543,447,111,0),(4544,452,111,0),(4545,453,111,0),(4546,454,111,0),(4547,455,111,0),(4548,456,111,0),(4549,457,111,0),(4550,458,111,0),(4551,459,111,0),(4552,460,111,0),(4553,461,111,0),(4554,462,111,0),(4555,463,111,0),(4556,464,111,0),(4557,465,111,0),(4558,466,111,0),(4559,467,111,0),(4560,468,111,0),(4561,469,111,0),(4562,470,111,0),(4563,471,111,0),(4564,472,111,0),(4565,473,111,0),(4566,474,111,0),(4567,475,111,0),(4568,476,111,0),(4569,477,111,0),(4570,478,111,0),(4571,479,111,0),(4572,480,111,0),(4573,481,111,0),(4574,482,111,0),(4575,483,111,0),(4576,484,111,0),(4577,485,111,0),(4578,486,111,0),(4579,487,111,0),(4580,488,111,0),(4581,489,111,0),(4582,490,111,0),(4583,491,111,0),(4584,492,111,0),(4585,493,111,0),(4586,494,111,0),(4587,495,111,0),(4588,496,111,0),(4589,497,111,0),(4590,498,111,0),(4591,499,111,0),(4592,500,111,0),(4593,501,111,0),(4594,502,111,0),(4595,503,111,0),(4596,504,111,0),(4597,505,111,0),(4598,506,111,0),(4599,507,111,0),(4600,508,111,0),(4601,509,111,0),(4602,510,111,0),(4603,511,111,0),(4604,512,111,0),(4605,513,111,0),(4606,514,111,0),(4607,515,111,0),(4608,516,111,0),(4609,518,111,0),(4610,519,111,0),(4611,520,111,0),(4612,521,111,0),(4613,524,111,0),(4614,525,111,0),(4615,526,111,0),(4616,527,111,0),(4617,528,111,0),(4618,529,111,0),(4619,530,111,0),(4620,531,111,0),(4621,532,111,0),(4622,533,111,0),(4623,534,111,0),(4624,535,111,0),(4625,536,111,0),(4626,537,111,0),(4627,538,111,0),(4628,539,111,0),(4629,540,111,0),(4630,541,111,0),(4631,542,111,0),(4632,543,111,0),(4633,544,111,0),(4634,545,111,0),(4635,546,111,0),(4636,547,111,0),(4637,548,111,0),(4638,549,111,0),(4639,550,111,0),(4640,551,111,0),(4641,552,111,0),(4642,553,111,0),(4643,554,111,0),(4644,555,111,0),(4645,556,111,0),(4646,557,111,0),(4647,558,111,0),(4648,559,111,0),(4649,560,111,0),(4650,561,111,0),(4651,562,111,0),(4652,563,111,0),(4653,564,111,0),(4654,565,111,0),(4655,566,111,0),(4656,567,111,0),(4657,568,111,0),(4658,569,111,0),(4659,570,111,0),(4660,571,111,0),(4661,572,111,0),(4662,573,111,0),(4663,574,111,0),(4664,575,111,0),(4665,576,111,0),(4666,577,111,0),(4667,578,111,0),(4668,579,111,0),(4669,580,111,0),(4670,581,111,0),(4671,582,111,0),(4672,583,111,0),(4673,584,111,0),(4674,585,111,0),(4675,586,111,0),(4676,587,111,0),(4677,588,111,0),(4678,589,111,0),(4679,590,111,0),(4680,591,111,0),(4681,592,111,0),(4682,593,111,0),(4683,594,111,0),(4684,595,111,0),(4685,596,111,0),(4686,597,111,0),(4687,598,111,0),(4688,599,111,0),(4689,600,111,0),(4690,601,111,0),(4691,602,111,0),(4692,603,111,0),(4693,604,111,0),(4694,605,111,0),(4695,606,111,0),(4696,607,111,0),(4697,608,111,0),(4698,609,111,0),(4699,610,111,0),(4700,611,111,0),(4701,612,111,0),(4702,613,111,0),(4703,614,111,0),(4704,615,111,0),(4705,616,111,0),(4706,617,111,0),(4707,618,111,0),(4708,619,111,0),(4709,620,111,0),(4710,621,111,0),(4711,622,111,0),(4712,623,111,0),(4713,624,111,0),(4714,625,111,0),(4715,626,111,0),(4716,627,111,0),(4717,628,111,0),(4718,629,111,0),(4719,630,111,0),(4720,631,111,0),(4721,632,111,0),(4722,633,111,0),(4723,634,111,0),(4724,635,111,0),(4725,636,111,0),(4726,637,111,0),(4727,638,111,0),(4728,639,111,0),(4729,640,111,0),(4730,641,111,0),(4731,642,111,0),(4732,643,111,0),(4733,644,111,0),(4734,645,111,0),(4735,646,111,0),(4736,647,111,0),(4737,648,111,0),(4738,649,111,0),(4739,650,111,0),(4740,651,111,0),(4741,652,111,0),(4742,653,111,0),(4743,654,111,0),(4744,655,111,0),(4745,656,111,0),(4746,657,111,0),(4747,658,111,0),(4748,659,111,0),(4749,660,111,0),(4750,661,111,0),(4751,662,111,0),(4752,663,111,0),(4753,664,111,0),(4754,665,111,0),(4755,666,111,0),(4756,667,111,0),(4757,668,111,0),(4758,669,111,0),(4759,670,111,0),(4760,671,111,0),(4761,672,111,0),(4762,673,111,0),(4763,674,111,0),(4764,675,111,0),(4765,676,111,0),(4766,677,111,0),(4767,678,111,0),(4768,679,111,0),(4769,680,111,0),(4770,681,111,0),(4771,682,111,0),(4772,683,111,0),(4773,684,111,0),(4774,685,111,0),(4775,686,111,0),(4776,687,111,0),(4777,688,111,0),(4778,689,111,0),(4779,690,111,0),(4780,691,111,0),(4781,692,111,0),(4782,693,111,0),(4783,694,111,0),(4784,695,111,0),(4785,696,111,0),(4786,697,111,0),(4787,698,111,0),(4788,699,111,0),(4789,700,111,0),(4790,701,111,0),(4791,702,111,0),(4792,703,111,0),(4793,704,111,0),(4794,705,111,0),(4795,150,112,0),(4796,151,112,0),(4797,152,112,0),(4798,153,112,0),(4799,168,112,0),(4800,169,112,0),(4801,170,112,0),(4802,174,112,0),(4803,175,112,0),(4804,176,112,0),(4805,193,112,0),(4806,194,112,0),(4807,197,112,0),(4808,198,112,0),(4809,203,112,0),(4810,204,112,0),(4811,205,112,0),(4812,206,112,0),(4813,207,112,0),(4814,211,112,0),(4815,212,112,0),(4816,213,112,0),(4817,214,112,0),(4818,215,112,0),(4819,224,112,0),(4820,225,112,0),(4821,226,112,0),(4822,227,112,0),(4823,228,112,0),(4824,260,112,0),(4825,261,112,0),(4826,262,112,0),(4827,268,112,0),(4828,269,112,0),(4829,288,112,0),(4830,289,112,0),(4831,290,112,0),(4832,291,112,0),(4833,292,112,0),(4834,293,112,0),(4835,294,112,0),(4836,295,112,0),(4837,296,112,0),(4838,297,112,0),(4839,298,112,0),(4840,341,112,0),(4841,342,112,0),(4842,343,112,0),(4843,344,112,0),(4844,353,112,0),(4845,354,112,0),(4846,355,112,0),(4847,357,112,0),(4848,358,112,0),(4849,359,112,0),(4850,360,112,0),(4851,431,112,0),(4852,432,112,0),(4853,433,112,0),(4854,434,112,0),(4855,513,112,0),(4856,514,112,0),(4857,515,112,0),(4858,516,112,0),(4859,521,112,0),(4860,525,112,0),(4861,526,112,0),(4862,527,112,0),(4863,528,112,0),(4864,529,112,0),(4865,530,112,0),(4866,531,112,0),(4867,532,112,0),(4868,533,112,0),(4869,534,112,0),(4870,535,112,0),(4871,536,112,0),(4872,537,112,0),(4873,538,112,0),(4874,539,112,0),(4875,540,112,0),(4876,541,112,0),(4877,542,112,0),(4878,543,112,0),(4879,544,112,0),(4880,553,112,0),(4881,554,112,0),(4882,555,112,0),(4883,556,112,0),(4884,557,112,0),(4885,558,112,0),(4886,559,112,0),(4887,560,112,0),(4888,561,112,0),(4889,562,112,0),(4890,702,112,0),(4891,703,112,0),(4892,704,112,0),(4893,705,112,0),(4894,162,100,0),(4895,163,100,0),(4896,166,100,0),(4897,167,100,0),(4898,100,101,1),(4899,101,101,1),(4900,102,101,1),(4901,103,101,1),(4902,104,101,1),(4903,105,101,1),(4904,106,101,1),(4905,107,101,1),(4906,108,101,1),(4907,109,101,1),(4908,110,101,1),(4909,111,101,1),(4910,112,101,1),(4911,113,101,1),(4912,114,101,1),(4913,115,101,1),(4914,116,101,1),(4915,117,101,1),(4916,118,101,1),(4917,119,101,1),(4918,120,101,1),(4919,121,101,1),(4920,122,101,1),(4921,123,101,1),(4922,124,101,1),(4923,125,101,1),(4924,126,101,1),(4925,127,101,1),(4926,128,101,1),(4927,129,101,1),(4928,130,101,1),(4929,131,101,1),(4930,132,101,1),(4931,133,101,1),(4932,134,101,1),(4933,135,101,1),(4934,136,101,1),(4935,137,101,1),(4936,138,101,1),(4937,139,101,1),(4938,140,101,1),(4939,141,101,1),(4940,142,101,1),(4941,143,101,1),(4942,144,101,1),(4943,145,101,1),(4944,146,101,1),(4945,147,101,1),(4946,148,101,1),(4947,149,101,1),(4948,100,110,1),(4949,101,110,1),(4950,102,110,1),(4951,103,110,1),(4952,104,110,1),(4953,105,110,1),(4954,106,110,1),(4955,107,110,1),(4956,108,110,1),(4957,109,110,1),(4958,110,110,1),(4959,111,110,1),(4960,112,110,1),(4961,113,110,1),(4962,114,110,1),(4963,115,110,1),(4964,116,110,1),(4965,117,110,1),(4966,118,110,1),(4967,119,110,1),(4968,120,110,1),(4969,121,110,1),(4970,122,110,1),(4971,123,110,1),(4972,124,110,1),(4973,125,110,1),(4974,126,110,1),(4975,127,110,1),(4976,128,110,1),(4977,129,110,1),(4978,130,110,1),(4979,131,110,1),(4980,132,110,1),(4981,133,110,1),(4982,134,110,1),(4983,135,110,1),(4984,136,110,1),(4985,137,110,1),(4986,138,110,1),(4987,139,110,1),(4988,140,110,1),(4989,141,110,1),(4990,142,110,1),(4991,143,110,1),(4992,144,110,1),(4993,145,110,1),(4994,146,110,1),(4995,147,110,1),(4996,148,110,1),(4997,149,110,1),(4998,171,110,1);

/*Table structure for table `shiro_resource` */

DROP TABLE IF EXISTS `shiro_resource`;

CREATE TABLE `shiro_resource` (
  `id` int(11) NOT NULL AUTO_INCREMENT COMMENT '权限资源编号',
  `type` tinyint(4) NOT NULL DEFAULT '1' COMMENT '0: struts namespace 受控资源; 1：struts action url、菜单、按钮受控资源',
  `value` varchar(4) NOT NULL COMMENT '四级结构 [0-9a-z]{1,4}, 从左到右分别为 一级菜单、二级菜单、三级菜单、按钮，命名时，先使用0-9，然后使用a-z',
  `description` varchar(20) NOT NULL COMMENT '资源描述',
  `url` varchar(100) DEFAULT NULL COMMENT '访问地址',
  `status` tinyint(4) NOT NULL DEFAULT '0' COMMENT '0、正常 1、删除',
  PRIMARY KEY (`id`),
  UNIQUE KEY `value` (`value`)
) ENGINE=InnoDB AUTO_INCREMENT=710 DEFAULT CHARSET=utf8;

/*Data for the table `shiro_resource` */

insert  into `shiro_resource`(`id`,`type`,`value`,`description`,`url`,`status`) values (0,0,'z0','permission','/permission/',0),(1,0,'z1','admin','/admin/',0),(2,0,'z2','crm','/crm/',0),(3,0,'z3','customer','/customer/',0),(4,0,'z4','teacher','/teacher/',0),(5,0,'z5','infoTeacher','/infoTeacher/',0),(6,0,'z6','student','/student/',0),(7,0,'z7','studentInfo','/studentInfo/',0),(8,0,'z8','agency','/agency/',0),(9,0,'z9','agents','/agents/',0),(10,0,'za','financeCompany','/financeCompany/',0),(11,0,'zb','school','/school/',0),(12,1,'y','权限管理','',0),(13,1,'y0','用户管理','',0),(14,1,'y00','用户管理','/permission/userRightManage.action',0),(15,1,'y1','角色管理','',0),(16,1,'y10','角色管理','/permission/roleManagement.action',0),(100,1,'0','crm消息','',0),(101,1,'00','crm消息列表','/crm/crmqueryOneEventList.action',0),(102,1,'000','新注册用户','/crm/crmqueryOneEventList.action?crmEvent.type=0',0),(103,1,'0000','查询','/crm/crmqueryOneEventList.action?crmEvent.type=0',0),(104,1,'0001','导出记录','/crm/crmqueryOneEventList.action?crmEvent.type=0&down=down',0),(105,1,'001','注册后3天未体验','/crm/crmqueryOneEventList.action?crmEvent.type=1',0),(106,1,'0010','查询','/crm/crmqueryOneEventList.action?crmEvent.type=1',0),(107,1,'0011','导出记录','/crm/crmqueryOneEventList.action?crmEvent.type=1&down=down',0),(108,1,'002','预约首节课','/crm/crmqueryOneEventList.action?crmEvent.type=2',0),(109,1,'0020','查询','/crm/crmqueryOneEventList.action?crmEvent.type=2',0),(110,1,'0021','导出记录','/crm/crmqueryOneEventList.action?crmEvent.type=2&down=down',0),(111,1,'003','首节课即将开始','/crm/crmqueryOneEventList.action?crmEvent.type=3',0),(112,1,'0030','查询','/crm/crmqueryOneEventList.action?crmEvent.type=3',0),(113,1,'0031','导出记录','/crm/crmqueryOneEventList.action?crmEvent.type=3&down=down',0),(114,1,'004','首节课结束','/crm/crmqueryOneEventList.action?crmEvent.type=4',0),(115,1,'0040','查询','/crm/crmqueryOneEventList.action?crmEvent.type=4',0),(116,1,'0041','导出记录','/crm/crmqueryOneEventList.action?crmEvent.type=4&down=down',0),(117,1,'005','首节课结束3天未购买','/crm/crmqueryOneEventList.action?crmEvent.type=5',0),(118,1,'0050','查询','/crm/crmqueryOneEventList.action?crmEvent.type=5',0),(119,1,'0051','导出记录','/crm/crmqueryOneEventList.action?crmEvent.type=5&down=down',0),(120,1,'006','首次完成3节课','/crm/crmqueryOneEventList.action?crmEvent.type=7',0),(121,1,'0060','查询','/crm/crmqueryOneEventList.action?crmEvent.type=7',0),(122,1,'0061','导出记录','/crm/crmqueryOneEventList.action?crmEvent.type=7&down=down',0),(123,1,'007','第二节课后连续15天未上课','/crm/crmqueryOneEventList.action?crmEvent.type=9',0),(124,1,'0070','查询','/crm/crmqueryOneEventList.action?crmEvent.type=9',0),(125,1,'0071','导出记录','/crm/crmqueryOneEventList.action?crmEvent.type=9&down=down',0),(126,1,'008','下单未完成支付','/crm/crmqueryOneEventList.action?crmEvent.type=6',0),(127,1,'0080','查询','/crm/crmqueryOneEventList.action?crmEvent.type=6',0),(128,1,'0081','导出记录','/crm/crmqueryOneEventList.action?crmEvent.type=6&down=down',0),(129,1,'009','支付成功','/crm/crmqueryOneEventList.action?crmEvent.type=8',0),(130,1,'0090','查询','/crm/crmqueryOneEventList.action?crmEvent.type=8',0),(131,1,'0091','导出记录','/crm/crmqueryOneEventList.action?crmEvent.type=8&down=down',0),(132,1,'00a','机构用户提交课表','/crm/crmqueryOneEventList.action?crmEvent.type=14',0),(133,1,'00a0','查询','/crm/crmqueryOneEventList.action?crmEvent.type=14',0),(134,1,'00a1','导出记录','/crm/crmqueryOneEventList.action?crmEvent.type=14&down=down',0),(135,1,'00b','机构课表首节课即将开始','/crm/crmqueryOneEventList.action?crmEvent.type=15',0),(136,1,'00b0','查询','/crm/crmqueryOneEventList.action?crmEvent.type=15',0),(137,1,'00b1','导出记录','/crm/crmqueryOneEventList.action?crmEvent.type=15&down=down',0),(138,1,'00c','机构课表结束','/crm/crmqueryOneEventList.action?crmEvent.type=16',0),(139,1,'00c0','查询','/crm/crmqueryOneEventList.action?crmEvent.type=16',0),(140,1,'00c1','导出记录','/crm/crmqueryOneEventList.action?crmEvent.type=16&down=down',0),(141,1,'00d','短信通道失败','/crm/crmqueryOneEventList.action?crmEvent.type=17',0),(142,1,'00d0','查询','/crm/crmqueryOneEventList.action?crmEvent.type=17',0),(143,1,'00d1','导出记录','/crm/crmqueryOneEventList.action?crmEvent.type=17&down=down',0),(144,1,'00e','课表没有老师','/crm/crmqueryOneEventList.action?crmEvent.type=18',0),(145,1,'00e0','查询','/crm/crmqueryOneEventList.action?crmEvent.type=18',0),(146,1,'00e1','导出记录','/crm/crmqueryOneEventList.action?crmEvent.type=18&down=down',0),(147,1,'00f','条档案被主管备注','/crm/crmdirectorRecordList.action',0),(148,1,'00f0','查询','/crm/crmdirectorRecordList.action',0),(149,1,'00f1','导出记录','/crm/crmdirectorRecordList.action&down=down',0),(150,1,'1','用户管理','',0),(151,1,'10','学生管理','',0),(152,1,'100','学生管理','/admin/adminstudentManage.action',0),(153,1,'1000','查询','/admin/adminstudentManage.action',0),(154,1,'1001','导出记录','/admin/adminstudentManage.action?down=down',0),(155,1,'1002','最初推荐人','/admin/teacherAdminAction!getInitRecommender.action',0),(156,1,'1003','重置密码','/admin/teacherAdminAction!resetPassword.action?type=1',0),(157,1,'1004','备注/修改','/admin/adminstudentManage.action?isRemark=1',0),(158,1,'1005','修改/填写区域','/admin/adminupdateStudentMobileArea.action',0),(159,1,'1006','修改手机号码','/admin/adminupdateStuPhoneNum.action',0),(160,1,'101','学生教材','/admin/adminjzQueryAccount.action',0),(161,1,'1010','查询','/admin/adminjzQueryAccount.action',0),(162,1,'1011','绑定关系','/admin/admininsertJzUwer.action',0),(163,1,'1012','延期','/admin/adminvalidityTime.action',0),(164,1,'102','经销商教材','/admin/adminagentAccount.action',0),(165,1,'1020','查询','/admin/adminagentAccount.action',0),(166,1,'1021','绑定关系','/admin/admininsertAgentBook.action',0),(167,1,'1022','删除/恢复','/admin/adminupdateAgentBookStatus.action',0),(168,1,'11','经销商管理','',0),(169,1,'110','经销商管理','/admin/adminagentManage.action',0),(170,1,'1100','查询','/admin/adminagentManage.action',0),(171,1,'1101','导出记录','/admin/adminagentManage.action?down=down',0),(172,1,'1105','重置密码','/admin/teacherAdminAction!resetPassword.action?type=2',0),(173,1,'1106','备注/修改','/admin/adminagentManage.action?isRemark=1',0),(174,1,'12','老师管理','',0),(175,1,'120','老师管理','/admin/adminteacherManage.action',0),(176,1,'1200','查询','/admin/adminteacherManage.action',0),(177,1,'1201','导出记录','/admin/adminteacherManage.action?down=down',0),(178,1,'1202','增加老师','/admin/adminaddTeaAccount.action',0),(179,1,'1203','编辑','/admin/admineditTeacherInfo.action',0),(180,1,'1204','屏蔽/显示','/admin/teacherAdminAction!hideTeacher.action',0),(181,1,'1205','重置密码','/admin/teacherAdminAction!resetPassword.action?type=3',0),(182,1,'1206','备注/修改备注','/admin/adminupdateUserRemark.action',0),(183,1,'1207','首页推荐/撤销','/teacher/teaupdateIndexTeacher.action',0),(184,1,'1208','二级域名推荐/撤销','/teacher/teaupdateTwoLevelDomainTeacher.action',0),(185,1,'1209','启用/停止直播间','/admin/teacherAdminAction!updateUserLivePlatform.action',0),(186,1,'120a','取消/图标推荐','/admin/teacherAdminAction!updateTeacherVip.action',0),(187,1,'120b','激活账户','/admin/adminactiveTeaAccount.action',0),(188,1,'120c','资源服务器','/admin/adminupdateTeaResServer.action',0),(189,1,'120d','添加老师签名','/admin/adminteacherSignatureAdd.action',0),(190,1,'121','老师签名管理','/admin/adminteacherSignatureManage.action',0),(191,1,'1210','查询','/admin/adminteacherSignatureManage.action',0),(192,1,'1211','审核','/admin/adminauditTeacherSignature.action',0),(193,1,'122','老师工资管理','/admin/adminwagesManage.action',0),(194,1,'1220','查询','/admin/adminwagesManage.action',0),(195,1,'1221','导入工资','/admin/adminimportWages.action',0),(196,1,'1222','导出工时','/admin/admincourseStatistics.action?type=1',0),(197,1,'123','老师群管理','/admin/adminteacherGroupManage.action',0),(198,1,'1230','查询','/asyn/sasearchTeacherGroup.action',0),(199,1,'1231','设置群主','/admin/adminaddTeacherGroup.action',0),(200,1,'1232','删除','/admin/admindeleteTeacherGroup.action',0),(201,1,'1233','成员管理','/admin/adminteacherGroupUserManage.action',0),(202,1,'1234','更换','/admin/adminupdateTeacherGroup.action',0),(203,1,'2','订单管理','',0),(204,1,'20','订单管理','',0),(205,1,'200','订单管理','/admin/adminqueryOrderList.action',0),(206,1,'2000','查询','/admin/adminqueryOrderList.action',0),(207,1,'2001','导出记录','/admin/adminqueryOrderList.action?down=down',0),(208,1,'2002','添加订单','/admin/addOrder.jsp',0),(209,1,'2003','支付','/asyn/asynupdateOrderStatus.action',0),(210,1,'2004','发货','/admin/adminorderSendGoods.action',0),(211,1,'3','套餐管理','',0),(212,1,'30','套餐管理','',0),(213,1,'300','套餐管理','/crm/crmqueryPackageList.action',0),(214,1,'3000','查询','/crm/crmqueryPackageList.action',0),(215,1,'3001','导出记录','/crm/crmqueryPackageList.action?down=down',0),(216,1,'3002','延期','/crm/crmpausePkg.action',0),(217,1,'3003','删除','/crm/crmremovePkg.action',0),(218,1,'3004','解冻套餐','/crm/crmunlockPkg.action',0),(219,1,'3005','详情','/asyn/checkqueryInstallmentInfo.action',0),(220,1,'3006','开发票','/admin/adminupdateBilling.action',0),(221,1,'31','月卡包请假','',0),(222,1,'310','月卡包请假','/crm/crmqueryMonthPackHoliday.action',0),(223,1,'3100','查询','/crm/crmqueryMonthPackHoliday.action',0),(224,1,'4','课程管理','',0),(225,1,'40','约课管理','',0),(226,1,'400','约课管理','/crm/crmquerySchedule.action',0),(227,1,'4000','查询','/crm/crmquerySchedule.action',0),(228,1,'4001','导出记录','/crm/crmquerySchedule.action?down=down',0),(229,1,'4002','课程取消','/customer/customerAction!cancelClass',0),(230,1,'4003','更改教材','/crm/crmupdateStuBook.action',0),(231,1,'4004','打卡','/asyn/asynkfEndClass.action',0),(232,1,'4005','录像','/asyn/checkonlineViewing.action',0),(233,1,'4006','补偿课时','/admin/admincompensateClass.action',0),(234,1,'4007','修改取消原因','/customer/customerAction!cancelReason',0),(235,1,'41','vip按周课表','',0),(236,1,'410','vip按周课表','/crm/crmchildScheduleManage.action',0),(237,1,'4100','查询','/crm/crmchildScheduleManage.action',0),(238,1,'4101','查看','/crm/crmchildScheduleDetails.action?other=1',0),(239,1,'4102','取消约课','/crm/crmchildScheduleDetails.action?other=2',0),(240,1,'4103','变更/确认老师','/crm/crmchildConfirmTeacher.action',0),(241,1,'4105','分配老师','/crm/crmchildAssignTeacher.action',0),(242,1,'4106','取消处理','/org/orgcancelLock.action?type=1',0),(243,1,'4107','更改教材','/crm/crmtoChildScheduleBatchUpdate.action',0),(244,1,'4108','（未分配）取消课表','/asyn/sabatchCancelChildSchedule.action',0),(245,1,'4109','（已安排）取消课表','/crm/crmAsynAction!cancelVIPWeekSchedule.action',0),(246,1,'42','vip自助课表','',0),(247,1,'420','vip自助课表管理','/crm/crmvipScheduleManage.action',0),(248,1,'4200','查询','/crm/crmvipScheduleManage.action',0),(249,1,'4201','导出记录','/crm/crmvipScheduleManage.action?down=down',0),(250,1,'4202','总览','/crm/crmvipSelfHelpScheduleQuery.action',0),(251,1,'4203','停止续课','/crm/crmtoVipSelfHelpScheduleStop.action',0),(252,1,'4204','一键开课','/crm/crmAsynAction!openTeacherTimeAndAutoBooked.action',0),(253,1,'4205','详情','/crm/crmvipSelfHelpScheduleDetails.action',0),(254,1,'4206','修改教材','/crm/crmvipSelfHelpSelectUpdate.action',0),(255,1,'4207','取消课表','/crm/crmAsynAction!cancelVIPSelfSchedule.action',0),(256,1,'4208','延长续课','/crm/crmvipSelfExtendedSelectPackage.action',0),(257,1,'421','VIP自助课表明细','/crm/crmvipScheduleManageList.action',0),(258,1,'4210','查询','/crm/crmvipScheduleManageList.action',0),(259,1,'4211','导出记录','/crm/crmvipScheduleManageList.action?down=down',0),(260,1,'43','机构课表','',0),(261,1,'430','机构课表','/crm/crmorgDatebookManage.action',0),(262,1,'4300','查询','/crm/crmorgDatebookManage.action',0),(263,1,'4301','查看','/org/orgkfOrgModleDetails.action?type=1',0),(264,1,'4302','编辑','/org/orgkfAddOrgMenualClass.action?type=1',0),(265,1,'4303','取消约课','/org/orgcancelClassed.action',0),(266,1,'4304','分配/修改老师','/org/orgkfUserShceduleUpdateTeahcer.action',0),(267,1,'4305','取消处理','/org/orgcancelLock.action?type=2',0),(268,1,'431','机构课表明细','/crm/crmorgDatebookDetail.action',0),(269,1,'4310','查询','/crm/crmorgDatebookDetail.action',0),(270,1,'44','老师时间管理','',0),(271,1,'440','成人频道老师','/crm/crmtoScheduleManage.action?type=2',0),(272,1,'4400','查询','/crm/crmtoScheduleManage.action?type=2',0),(273,1,'441','少儿频道老师','/crm/crmtoScheduleManage.action?type=1',0),(274,1,'4410','查询','/crm/crmtoScheduleManage.action?type=1',0),(275,1,'442','查看开课时间','/crm/crmviewScheduleTimeSituation.action',0),(276,1,'4420','查询','/crm/crmviewScheduleTimeSituation.action',0),(277,1,'45','手工约课','',0),(278,1,'450','自由约课','/crm/crmbatchManualClass.action',0),(279,1,'4500','查询','/crm/crmbatchManualClass.action',0),(280,1,'451','机构约课','/crm/crmorgManualClass.action',0),(281,1,'4510','查询','/crm/crmorgManualClass.action',0),(282,1,'452','vip按周预约','/crm/crmchildManualClass.action',0),(283,1,'4520','查询','/crm/crmchildManualClass.action',0),(284,1,'453','vip自助预约','/crm/crmvipSelfHelpDatebook.action',0),(285,1,'4530','查询','/crm/crmvipSelfHelpDatebook.action',0),(286,1,'454','测评课预约','/crm/crmassessDatebookSearchStu.action',0),(287,1,'4540','查询','/crm/crmassessDatebookSearchStu.action',0),(288,1,'46','课程统计','',0),(289,1,'460','开课统计','/admin/admincourseStatistics.action?type=2',0),(290,1,'4600','查询','/admin/admincourseStatistics.action?type=2',0),(291,1,'4601','导出记录','/admin/admincourseStatistics.action?type=2&down=down',0),(292,1,'461','续课统计','/admin/admincontinuedCoursestatistics.action',0),(293,1,'4610','查询','/admin/admincontinuedCoursestatistics.action',0),(294,1,'47','机构课上课记录','',0),(295,1,'470','机构课上课记录','/admin/adminorgBill.action',0),(296,1,'4700','查询','/admin/adminorgBill.action',0),(297,1,'4701','导出记录','/admin/adminorgBill.action?down=down',0),(298,1,'5','内容管理','',0),(299,1,'50','老师资料','',0),(300,1,'500','老师资料','/admin/adminteacherTrainingMaterials.action',0),(301,1,'5000','查询','/admin/adminteacherTrainingMaterials.action',0),(302,1,'5001','增加资料','/admin/adminteacherTrainingMaterialsAdd.action',0),(303,1,'5002','预览','/admin/adminteacherTrainingMaterialsInfo.action?type=1',0),(304,1,'5003','修改','/admin/adminteacherTrainingMaterialsUpdate.action',0),(305,1,'5004','删除/恢复','/admin/adminteacherTrainingMaterialsEdit.action?other=1',0),(306,1,'5005','置顶/取消','/admin/adminteacherTrainingMaterialsEdit.action?other=2',0),(307,1,'51','资料管理','',1),(308,1,'510','管理','/admin/resourcetoShow.action',1),(309,1,'5100','查询','/admin/resourcetoShow.action',1),(310,1,'5101','置顶','/admin/resourcetopSet.action',1),(311,1,'5102','预览','/admin/resourceview.action',1),(312,1,'5103','修改','/admin/resourcetoModify.action',1),(313,1,'5104','删除','/admin/resourcedelete.action',1),(314,1,'511','新建','',1),(315,1,'5110','发布','admin/resourceadd.action',1),(316,1,'52','评价管理','',0),(317,1,'520','评价管理','/admin/adminqueryCommentList.action',0),(318,1,'5200','查询','/admin/adminqueryCommentList.action',0),(319,1,'5201','导出记录','/admin/adminqueryCommentList.action?down=down',0),(320,1,'5202','显示/屏蔽','/asyn/checkupdateDateBook.action',0),(321,1,'5203','编辑回复','/admin/adminupdateDateBookReply.action',0),(322,1,'5204','统计/不统计评价','/admin/adminupdateStatistics.action',0),(323,1,'521','评价统计','/admin/admincommonStatistic.action',0),(324,1,'5210','查询','/admin/admincommonStatistic.action',0),(325,1,'5211','导出记录','/admin/admincommonStatistic.action?down=down',0),(326,1,'522','同名排行','/admin/adminpeerRanking.action',0),(327,1,'5220','查询','/admin/adminpeerRanking.action',0),(328,1,'5221','导出记录','/admin/adminpeerRanking.action?down=down',0),(329,1,'5222','修改','/admin/adminmanualUpdateTeaRanking.action',0),(330,1,'523','责任状查询','/admin/adminqueryLiability.action',0),(331,1,'5230','查询','/admin/adminqueryLiability.action',0),(332,1,'5231','备注','/admin/adminupdateLibremark.action',0),(333,1,'5232','详情','/asyn/checkqueryLibTime.action',0),(334,1,'53','资讯管理','',0),(335,1,'530','资讯管理','/admin/resourcenoticeManage.action',0),(336,1,'5300','查询','/admin/resourcenoticeManage.action',0),(337,1,'5301','增加','/admin/noticeAdd.jsp',0),(338,1,'5302','编辑','/admin/resourcemodifyNotice.action',0),(339,1,'5303','删除','/admin/resourcedeleteNotice.action',0),(340,1,'5304','首页推荐/撤销','/admin/resourceManageAction!mediaReportIndexStatus.action',0),(341,1,'54','团购管理','',0),(342,1,'540','团购查询','/admin/admingrouponManage.action',0),(343,1,'5400','查询','/admin/admingrouponManage.action',0),(344,1,'5401','导出记录','/admin/admingrouponManage.action?down=down',0),(345,1,'5402','编辑','/admin/admingrouponToModify.action',0),(346,1,'5403','下架/恢复','/asyn/checkgrouponStatus.action?type=1',0),(347,1,'541','团购模板','/admin/admingroupTemplate.action',0),(348,1,'5410','查询','/admin/admingroupTemplate.action',0),(349,1,'5411','编辑','/admin/admintemplateModify.action?type=1',0),(350,1,'5412','详情','/admin/adminqueryTemplateDetails.action?type=1',0),(351,1,'542','添加团购','/admin/adminselectTemplate.action',0),(352,1,'5420','添加','/admin/admingrouponAdd.action',0),(353,1,'543','预约管理','/admin/admingrouponBookQuery.action',0),(354,1,'5430','查询','/admin/admingrouponBookQuery.action',0),(355,1,'5431','导出记录','/admin/admingrouponBookQuery.action?down=down',0),(356,1,'5432','备注/修改','/crm/crmAsynAction!grouponSubscribeRemark.action',0),(357,1,'55','分期管理','',0),(358,1,'550','分期查询','/admin/adminstagingManage.action',0),(359,1,'5500','查询','/admin/adminstagingManage.action',0),(360,1,'5501','导出记录','/admin/adminstagingManage.action?down=down',0),(361,1,'5502','编辑','/admin/adminstagingToModify.action',0),(362,1,'5503','下架/恢复','/asyn/checkgrouponStatus.action?type=2',0),(363,1,'551','分期模板','/admin/adminstagingTempalte.action',0),(364,1,'5510','查询','/admin/adminstagingTempalte.action',0),(365,1,'5511','编辑','/admin/admintemplateModify.action?type=2',0),(366,1,'5512','详情','/admin/adminqueryTemplateDetails.action?type=2',0),(367,1,'552','添加分期','/admin/adminstagingAddFirstStep.action',0),(368,1,'5520','添加','/admin/adminstagingAdd.action',0),(369,1,'56','视频管理','',0),(370,1,'560','视频管理','/admin/adminqueryVedioList.action',0),(371,1,'5600','查询','/admin/adminqueryVedioList.action',0),(372,1,'5601','编辑','/admin/adminmodifyVedio.action',0),(373,1,'5602','审核','/asyn/checkupdateVedioStatus.action?other=1',0),(374,1,'5603','显示/屏蔽','asyn/checkupdateVedioStatus.action?other=2',0),(375,1,'5604','首页推荐/撤销','admin/adminupdateIndexVedio.action',0),(376,1,'57','帖子管理','',0),(377,1,'570','帖子管理','/admin/adminqueryPostList.action',0),(378,1,'5700','查询','/admin/adminqueryPostList.action',0),(379,1,'5701','屏蔽/开启','/admin/adminpostSetHide.action',0),(380,1,'5702','管理','/forum/forum_postContent.action',0),(381,1,'5703','板块转移','/asyn/checkpostForumUpdate.action',0),(382,1,'571','版主管理','/admin/adminqueryModeratorList.action',0),(383,1,'5710','查询','/admin/adminqueryModeratorList.action',0),(384,1,'5711','添加版主','/admin/adminmoderatorAdd.action',0),(385,1,'5712','取消版主','/admin/adminmoderatorDelete.action',0),(386,1,'572','最新动态','/admin/searchPostDesc.jsp',0),(387,1,'5720','查询','/admin/adminpostDesc.action',0),(388,1,'58','关键词管理','',0),(389,1,'580','敏感词管理','/admin/adminkeywordManage.action',0),(390,1,'5800','查询','/admin/adminkeywordManage.action',0),(391,1,'5801','添加敏感词','/asyn/checkaddKeyWord.action',0),(392,1,'5802','批量导入','/admin/adminbatchUpload.action',0),(393,1,'5803','修改','/asyn/checkupdateKeyWord.action?type=1',0),(394,1,'5804','删除','/asyn/checkupdateKeyWord.action?type=2',0),(395,1,'581','标签管理','/admin/adminteacherTagManage.action',0),(396,1,'5810','查询','/admin/adminteacherTagManage.action',0),(397,1,'5811','添加标签','/admin/adminaddTeacherTag.action',0),(398,1,'5812','修改','/admin/adminupdateTeacherTag.action',0),(399,1,'5813','删除','/admin/admindeleteTeacherTag.action',0),(400,1,'582','标签统计','/admin/adminteacherTagStatistic.action',0),(401,1,'5820','查询','/admin/adminteacherTagStatistic.action',0),(402,1,'5821','导出记录','/admin/adminteacherTagStatistic.action?down=down',0),(403,1,'59','教材管理','',0),(404,1,'590','分册管理','/admin/adminbookManage.action',0),(405,1,'5900','查询','/admin/adminbookManage.action',0),(406,1,'5901','少儿编辑','/admin/adminbookModify.action?type=1',0),(407,1,'5902','成人编辑','/admin/adminbookModify.action?type=2',0),(408,1,'591','课文管理','/admin/adminlessonManage.action',0),(409,1,'5910','查询','/admin/adminlessonManage.action',0),(410,1,'5911','上传所有直播间课件','/admin/adminuploadAllLiveFile.action',0),(411,1,'5912','删除所有直播间课件','/admin/admindeleteAllLiveFile.action',0),(412,1,'5913','上传直播间课件','/admin/adminuploadLiveFile.action',0),(413,1,'5914','删除直播间课件','/\"admin/adminremoveLiveFile.action',0),(414,1,'5a','广告管理','',0),(415,1,'5a0','广告管理','/admin/adManage.jsp',0),(416,1,'5a00','查询','/admin/admingetAdInfoList.action',0),(417,1,'5a01','增加','/admin/advAdd.jsp',0),(418,1,'5a02','下架/上架','/admin/adminsetAdvHide.action',0),(419,1,'5a03','置顶','/admin/adminsetToTop.action',0),(420,1,'5a04','编辑','/admin/admintoAddAdv.action',0),(421,1,'5b','明星学员','',0),(422,1,'5b0','明星学员','/admin/adminstarStudent.action',0),(423,1,'5b00','查询','/admin/adminstarStudent.action',0),(424,1,'5b01','导出记录','/admin/adminstarStudent.action?down=down',0),(425,1,'5b02','添加','/admin/childstarStudentToAdd.action',0),(426,1,'5b03','编辑','/admin/adminstarStudentModify.action',0),(427,1,'5b04','屏蔽/恢复','/admin/adminhideStarStudent.action',0),(428,1,'5b05','首页推荐/撤销','/admin/adminupdateIndexStudent.action',0),(429,1,'5b1','我要加入','/admin/adminstarStuApply.action',0),(430,1,'5b10','查询','/admin/adminstarStuApply.action',0),(431,1,'5c','分期申请查询','',0),(432,1,'5c0','分期申请查询','/admin/adminaInstallmentManage.action',0),(433,1,'5c00','查询','/admin/adminaInstallmentManage.action',0),(434,1,'5c01','详情','/admin/adminaInstallmentDetailInfo.action',0),(435,1,'6','运营支持','',0),(436,1,'60','站内信','',0),(437,1,'600','咨询建议管理','/admin/siteMsgquerySiteMsg.action',0),(438,1,'6000','查询','/admin/siteMsgquerySiteMsg.action',0),(439,1,'6001','查看记录','/admin/siteMsgadminSiteMsgInfo.action?msgtype=0',0),(440,1,'6002','回复','/admin/siteMsgadminSiteMsgInfo.action?msgtype=1',0),(441,1,'6003','标记已读','/admin/siteMsgreadSiteMsg.action',0),(442,1,'6004','删除','/admin/siteMsgdeleteSiteMsg.action',0),(443,1,'601','系统消息管理','/admin/siteMsgqueryNoticeMsg.action',0),(444,1,'6010','查询','/admin/siteMsgqueryNoticeMsg.action',0),(445,1,'6011','删除/恢复','/admin/siteMsgadminUpdateNoticeStatus.action',0),(446,1,'602','发布消息管理','/admin/siteMsgtoAddNoticeMsg.action',0),(447,1,'6020','发布','/admin/siteMsgaddNoticeMsg.action',0),(448,1,'61','说客推广','',0),(449,1,'610','说客推广','/admin/spread.jsp',0),(450,1,'6100','发放','/admin/adminspread.action',0),(451,1,'6101','导入用户','/admin/adminspread_userFromFile.action',0),(452,1,'62','友情链接','',0),(453,1,'620','友情链接','/admin/relatedSites_queryAlls.action',0),(454,1,'6200','查询','/admin/relatedSites_queryAlls.action',0),(455,1,'6201','添加','/admin/relatedSites_finishAddURL.action',0),(456,1,'6202','修改','/admin/relatedSites_updateURL.action',0),(457,1,'6203','删除','/admin/relatedSites_deleteURL.action',0),(458,1,'63','客户端统计','',0),(459,1,'630','客户端统计','/admin/clientStat.jsp',0),(460,1,'6300','查询','/admin/clientStat.jsp',0),(461,1,'64','短信验证','',0),(462,1,'640','短信验证','/admin/adminsmsVerify.action',0),(463,1,'6400','查询','/admin/adminsmsVerify.action',0),(464,1,'6401','提交','/admin/adminupdateSmsVerify.action',0),(465,1,'65','短信通道切换','',0),(466,1,'650','短信通道切换','/admin/adminsmsSwitch.action',0),(467,1,'6500','查询','/admin/adminsmsSwitch.action',0),(468,1,'6501','提交','/crm/crmAsynAction!smsChange.action',0),(469,1,'66','短信测试','',0),(470,1,'660','短信测试','/admin/testSMSSend.jsp',0),(471,1,'6600','查询','/admin/testSMSSend.jsp',0),(472,1,'6601','发送','/admin/admintestSMSSend.action',0),(473,1,'67','短信黑名单','',0),(474,1,'670','短信黑名单','/admin/adminsmsBlacklist.action',0),(475,1,'6700','查询','/admin/adminsmsBlacklist.action',0),(476,1,'6701','添加号码','/admin/adminaddPhone.action',0),(477,1,'6702','删除/恢复','/admin/adminhidePhone.action',0),(478,1,'68','约课黑名单','',0),(479,1,'680','约课黄牛','/admin/admindatebookBlacklistManage.action',0),(480,1,'6800','查询','/admin/admindatebookBlacklistManage.action',0),(481,1,'6801','增加','/admin/admindatebookBlacklistAdd.action?type=1',0),(482,1,'6802','删除/恢复','/admin/admindatebookBlacklistStatusUpdate.action?type=1',0),(483,1,'681','不提醒名单','/admin/admindatebookWithoutNotice.action',0),(484,1,'6810','查询','/admin/admindatebookWithoutNotice.action',0),(485,1,'6811','增加','/admin/admindatebookBlacklistAdd.action?type=2',0),(486,1,'6812','删除/恢复','/admin/admindatebookBlacklistStatusUpdate.action?type=2',0),(487,1,'682','周异常查询','/admin/admindatebookRemindList.action',0),(488,1,'6820','查询','/admin/admindatebookRemindList.action',0),(489,1,'6821','导出','/admin/admindatebookRemindList.action?down=down',0),(490,1,'683','可疑黄牛','/admin/admindatebookExceptionQuery.action',0),(491,1,'6830','查询','/admin/admindatebookExceptionQuery.action',0),(492,1,'6831','导出','/admin/admindatebookExceptionQuery.action?down=down',0),(493,1,'69','请假延期白名单','',0),(494,1,'690','请假延期白名单','/admin/adminpackageWhitelistManage.action',0),(495,1,'6900','查询','/admin/adminpackageWhitelistManage.action',0),(496,1,'6901','增加','/admin/adminaddPackageWhitelist.action',0),(497,1,'6902','删除/恢复','/admin/adminupdatePackageWhitelistStatus.action',0),(498,1,'7','CRM管理','',0),(499,1,'70','查询添加档案','',0),(500,1,'700','档案信息','/crm/crmqueryUserToRecord.action',0),(501,1,'7000','查询','/crm/crmqueryUserToRecord.action',0),(502,1,'71','学生档案记录','',0),(503,1,'710','学生档案记录','/crm/crmqueryUserCrmRecord.action',0),(504,1,'7100','查询','/crm/crmqueryUserCrmRecord.action',0),(505,1,'7101','导出记录','/crm/crmqueryUserCrmRecord.action?down=down',0),(506,1,'7102','备注','/asyn/checkdirectorRemark.action',0),(507,1,'72','CRM事件管理','',0),(508,1,'720','CRM事件管理','/crm/crmqueryCrmEventList.action',0),(509,1,'7200','查询','/crm/crmqueryCrmEventList.action',0),(510,1,'7201','导出记录','/crm/crmqueryCrmEventList.action?down=down',0),(511,1,'7202','一键清空','/crm/crmclearProceedingEvent.action',0),(512,1,'7203','取消处理','/crm/crmcancelProceedingEvent.action',0),(513,1,'8','代理商','',0),(514,1,'80','管理中心','',0),(515,1,'800','代理商管理','/admin/adminagentsManage.action',0),(516,1,'8000','查询','/admin/adminagentsManage.action',0),(517,1,'8001','添加代理商','/admin/adminagentsAdd.action',0),(518,1,'8002','编辑(代理商)','/admin/adminagentsUpdate.action',0),(519,1,'8003','编辑(分销商)','/admin/adminto_distributors_edit.action',0),(520,1,'8004','删除','/admin/adminagentsDelete.action',0),(521,1,'8005','查看进货折扣(代理商)','/admin/admininitOperateCommodity.action',0),(522,1,'8006','新增分销商','/admin/adminaddDistributors.action',0),(523,1,'8007','货款','/admin/adminagentsRecharge.action',0),(524,1,'8008','城市保护','/asyn/checkupdateProtection.action',0),(525,1,'801','订单查询','/admin/adminagentsOrderQuery.action',0),(526,1,'8010','查询','/admin/adminagentsOrderQuery.action',0),(527,1,'8011','导出记录','/admin/adminagentsOrderQuery.action?down=down',0),(528,1,'802','用户查询','/admin/adminagentsUserQuery.action',0),(529,1,'8020','查询','/admin/adminagentsUserQuery.action',0),(530,1,'8021','导出记录','/admin/adminagentsUserQuery.action?down=down',0),(531,1,'8022','可见性查询','/asyn/checkqueryStuBelongInfo.action',0),(532,1,'8023','套餐查询','/asyn/saqueryPackage.action',0),(533,1,'803','货款结算','/admin/adminagentsRechargeQuery.action',0),(534,1,'8030','查询','/admin/adminagentsRechargeQuery.action',0),(535,1,'8031','导出记录','/admin/adminagentsRechargeQuery.action?down=down',0),(536,1,'804','分销结算','/admin/admindistributorBillQuery.action',0),(537,1,'8040','查询','/admin/admindistributorBillQuery.action',0),(538,1,'8041','导出记录','/admin/admindistributorBillQuery.action?down=down',0),(539,1,'805','代理商充值记录','/admin/adminagentUserRechargeQuery.action',0),(540,1,'8050','查询','/admin/adminagentUserRechargeQuery.action',0),(541,1,'8051','导出记录','/admin/adminagentUserRechargeQuery.action?down=down',0),(542,1,'806','分销商充值记录','/admin/admindistUserRechargeQuery.action',0),(543,1,'8060','查询','/admin/admindistUserRechargeQuery.action',0),(544,1,'8061','导出记录','/admin/admindistUserRechargeQuery.action?down=down',0),(545,1,'807','下载中心','/admin/adminagentsResourceManage.action',0),(546,1,'8070','查询','/admin/adminagentsResourceManage.action',0),(547,1,'8071','添加资料','/admin/adminagentsResourceAdd.action',0),(548,1,'8072','播放','',0),(549,1,'8073','下载','',0),(550,1,'8074','删除','/admin/adminagentsResourceDel.action',0),(551,1,'8075','修改','/admin/adminresourceRigthUpdate.action',0),(552,1,'8076','置顶/取消','/admin/adminresourceTopUpdate.action',0),(553,1,'81','账目明细','',0),(554,1,'810','经销商余额明细','/admin/adminagentsBalanceQuery.action',0),(555,1,'8100','查询','/admin/adminagentsBalanceQuery.action',0),(556,1,'8101','导出记录','/admin/adminagentsBalanceQuery.action?down=down',0),(557,1,'811','经销商货款记录','/admin/adminagentsPaymentQuery.action',0),(558,1,'8110','查询','/admin/adminagentsPaymentQuery.action',0),(559,1,'8111','导出记录','/admin/adminagentsPaymentQuery.action?down=down',0),(560,1,'812','经销商获益记录','/admin/adminagentsCrossDomainQuery.action',0),(561,1,'8120','查询','/admin/adminagentsCrossDomainQuery.action',0),(562,1,'8121','导出记录','/admin/adminagentsCrossDomainQuery.action?down=down',0),(563,1,'82','用户归属变更','',0),(564,1,'820','变更-手机','/admin/updateCode.jsp',0),(565,1,'8200','提交','/admin/adminupdateRecommendCodeByPhone.action',0),(566,1,'821','变更-talkid','/admin/updateCode1.jsp',0),(567,1,'8210','提交','/admin/adminupdateRecommendCodeByTalkId.action',0),(568,1,'83','加盟校管理','',0),(569,1,'830','加盟校管理','/admin/admindomainManager.action',0),(570,1,'8300','查询','/admin/admindomainManager.action',0),(571,1,'8301','导出记录','/admin/admindomainManager.action?down=down',0),(572,1,'8302','添加域名','/admin/adminleagueAdd.action',0),(573,1,'8303','编辑','/admin/adminleagueToModify.action',0),(574,1,'8304','屏蔽/恢复','/admin/adminhideLeague.action',0),(575,1,'8305','首页推荐/撤销','/admin/adminputSchoolToIndex.action',0),(576,1,'8306','启用/停止学校测评','/admin/adminupdateSchoolEvaluation.action',0),(577,1,'84','代理商申请管理','',0),(578,1,'840','代理商申请管理','/admin/adminagentsApply.action',0),(579,1,'8400','查询','/admin/adminagentsApply.action',0),(580,1,'8401','查看详情','/admin/adminagentsToDetails.action',0),(581,1,'9','口语大赛','',0),(582,1,'90','初赛试题','',0),(583,1,'900','初赛试题','/crm/crmexerciseManage.action',0),(584,1,'9000','查询','/crm/crmexerciseManage.action',0),(585,1,'9001','录入试题','/crm/crmtoExercise.action',0),(586,1,'9002','导出记录','/crm/crmexerciseManage.action?down=down',0),(587,1,'9003','查看','/crm/crmexerciseQuery.action',0),(588,1,'9004','删除/恢复','/crm/crmAction!exerciseStatus.action',0),(589,1,'91','复赛试题','',0),(590,1,'910','复赛试题','/crm/crmsecondStageExerciseManage.action',0),(591,1,'9100','查询','/crm/crmsecondStageExerciseManage.action',0),(592,1,'9101','录入试题','/crm/secondExerciseAdd.jsp',0),(593,1,'9102','导出记录','/crm/crmsecondStageExerciseManage.action?down=down',0),(594,1,'9103','查看','/crm/crmsecondExerciseQuery.action',0),(595,1,'9104','删除/恢复','/crm/crmAction!secondStageExerciseStatus.action',0),(596,1,'92','初赛管理','',0),(597,1,'920','考试查询','/crm/crmcompetitionQuery.action',0),(598,1,'9200','查询','/crm/crmcompetitionQuery.action',0),(599,1,'9201','导出记录','/crm/crmcompetitionQuery.action?down=down',0),(600,1,'9202','详情','/crm/crmcompetitionQueryInfo.action',0),(601,1,'9203','作废','/crm/crmupdatePaperStatus.action?type=1',0),(602,1,'921','复赛选手','/crm/crmcompetitionSecondStageUser.action',0),(603,1,'9210','查询','/crm/crmcompetitionSecondStageUser.action',0),(604,1,'9211','导出记录','/crm/crmcompetitionSecondStageUser.action?down=down',0),(605,1,'9212','设置复赛选手','/crm/crmscendSatgeUser.action',0),(606,1,'9213','修改姓名','/crm/crmfixUserName.action',0),(607,1,'9214','退出比赛','/crm/crmexistCompetition.action?type=1',0),(608,1,'93','复赛管理','',0),(609,1,'930','复赛管理','/crm/crmsecondCompetitionManage.action',0),(610,1,'9300','查询','/crm/crmsecondCompetitionManage.action',0),(611,1,'9301','导出记录','/crm/crmsecondCompetitionManage.action?down=down',0),(612,1,'9302','详情','/crm/crmsecondPaperQuery.action',0),(613,1,'9303','作废','/crm/crmupdatePaperStatus.action?type=2',0),(614,1,'94','决赛管理','',0),(615,1,'940','图片管理','/crm/crmfinalStageManage.action?stage=1',0),(616,1,'9400','查询','/crm/crmfinalStageManage.action?stage=1',0),(617,1,'9401','添加图片','/crm/finalStageImgAdd.jsp',0),(618,1,'9402','编辑','/crm/crmtoUpdateFinalStageResource.action?stage=1',0),(619,1,'9403','删除/恢复','/crm/crmAction!finalStageResourceUpdate.action?type=1',0),(620,1,'9404','排序','/crm/crmAction!finalStageResourceUpdate.action?type=a',0),(621,1,'941','视频管理','/crm/crmfinalStageManage.action?stage=2',0),(622,1,'9410','查询','/crm/crmfinalStageManage.action?stage=2',0),(623,1,'9411','添加视频','/crm/finalStageVideoAdd.jsp',0),(624,1,'9412','编辑','/crm/crmtoUpdateFinalStageResource.action?stage=2',0),(625,1,'9413','删除/恢复','/crm/crmAction!finalStageResourceUpdate.action?type=2',0),(626,1,'9414','排序','/crm/crmAction!finalStageResourceUpdate.action?type=b',0),(627,1,'942','评委管理','/crm/crmfinalStageManage.action?stage=3',0),(628,1,'9420','查询','/crm/crmfinalStageManage.action?stage=3',0),(629,1,'9421','添加评委','/crm/finalStageRaterAdd.jsp',0),(630,1,'9422','编辑','/crm/crmtoUpdateFinalStageResource.action?stage=3',0),(631,1,'9423','删除/恢复','/crm/crmAction!finalStageResourceUpdate.action?type=3',0),(632,1,'9424','排序','/crm/crmAction!finalStageResourceUpdate.action?type=c',0),(633,1,'95','投票管理','',0),(634,1,'950','投票管理','/crm/crmvoteManage.action',0),(635,1,'9500','查询','/crm/crmvoteManage.action',0),(636,1,'9501','导出记录','/crm/crmvoteManage.action?down=down',0),(637,1,'9502','退赛','/crm/crmexistCompetition.action?type=2',0),(638,1,'9503','查看','/crm/crmqueryExamineVideo.action',0),(639,1,'96','资讯管理','',0),(640,1,'960','资讯管理','/admin/resourcenoticeManage.action?fromType=1',0),(641,1,'9600','查询','/admin/resourcenoticeManage.action?fromType=1',0),(642,1,'9601','增加','/admin/noticeAdd.jsp?fromType=1',0),(643,1,'9602','编辑','/admin/resourcetoModifyNotice.action?fromType=1',0),(644,1,'9603','删除','admin/resourcedeleteNotice.action?fromType=1',0),(645,1,'97','学校测评','',0),(646,1,'970','学校管理','/crm/crmschoolManagement.action',0),(647,1,'9700','查询','/crm/crmschoolManagement.action',0),(648,1,'9701','添加学校','/crm/crminsertSchool.action',0),(649,1,'9702','编辑','/crm/crmintoEditSchool.action',0),(650,1,'9703','恢复/删除','/crm/crmupdateSchoolStatus.action',0),(651,1,'971','测评查询','/crm/crmschoolEvaluationQuery.action',0),(652,1,'9710','查询','/crm/crmschoolEvaluationQuery.action',0),(653,1,'9711','导出记录','/crm/crmschoolEvaluationQuery.action?down=down',0),(654,1,'9712','详情','/crm/crmschoolEvaluationInfo.action',0),(655,1,'9713','作废','/crm/crmupdatePaperStatus.action?type=3',0),(656,1,'a','操作记录','',0),(657,1,'a0','说客推广记录','',0),(658,1,'a00','发放记录','/admin/adminquerySendRecord.action',0),(659,1,'a000','查询','/admin/adminquerySendRecord.action',0),(660,1,'a1','订单操作记录','',0),(661,1,'a10','订单操作记录','/admin/adminorderCombinationList.action',0),(662,1,'a100','查询','/admin/adminorderCombinationList.action',0),(663,1,'a101','导出记录','/admin/adminorderCombinationList.action?down=down',0),(664,1,'a2','套餐操作记录','',0),(665,1,'a20','套餐操作记录','/crm/crmoperationPackage.action',0),(666,1,'a200','查询','/crm/crmoperationPackage.action',0),(667,1,'a201','导出记录','/crm/crmoperationPackage.action?down=down',0),(668,1,'a3','约课记录','',0),(669,1,'a30','约课记录','/admin/admindatebookOperRecordQuery.action',0),(670,1,'a300','查询','/admin/admindatebookOperRecordQuery.action',0),(671,1,'a301','导出记录','/admin/admindatebookOperRecordQuery.action?down=down',0),(672,1,'a4','推荐码变更记录','',0),(673,1,'a40','推荐码变更记录','/admin/adminreferralCodeList.action',0),(674,1,'a400','查询','/admin/adminreferralCodeList.action',0),(675,1,'a401','导出记录','/admin/adminreferralCodeList.action?down=down',0),(676,1,'a41','异常变更','/admin/adminrecommenderRecordStatistic.action',0),(677,1,'a410','查询','/admin/adminrecommenderRecordStatistic.action',0),(678,1,'a411','详情','/admin/adminreferralCodeList.action?type=1',0),(679,1,'a5','手机号码变更记录','',0),(680,1,'a50','手机号码变更记录','/admin/adminupdatePhoneRecordsList.action',0),(681,1,'a500','查询','/admin/adminupdatePhoneRecordsList.action',0),(682,1,'a501','导出记录','/admin/adminupdatePhoneRecordsList.action?down=down',0),(683,1,'a6','消费明细','',0),(684,1,'a60','消费明细','/admin/adminconsumeList.action',0),(685,1,'a600','查询','/admin/adminconsumeList.action',0),(686,1,'a601','导出记录','/admin/adminconsumeList.action?down=down',0),(687,1,'a7','积分记录','',0),(688,1,'a70','积分记录','/admin/adminintegralList.action',0),(689,1,'a700','查询','/admin/adminintegralList.action',0),(690,1,'a701','导出记录','/admin/adminintegralList.action?down=down',0),(691,1,'a8','短信记录','',0),(692,1,'a80','短信记录','/admin/adminmsmList.action',0),(693,1,'a800','查询','/admin/adminmsmList.action',0),(694,1,'a801','导出记录','/admin/adminmsmList.action?down=down',0),(695,1,'a9','代金券记录','',0),(696,1,'a90','代金券记录','/admin/admincouponList.action',0),(697,1,'a900','查询','/admin/admincouponList.action',0),(698,1,'a901','导出记录','/admin/admincouponList.action?down=down',0),(699,1,'aa','老师时间记录','',0),(700,1,'aa0','老师时间记录','/admin/admintimeSwitchRecord.action',0),(701,1,'aa00','查询','/admin/admintimeSwitchRecord.action',0),(702,1,'b','帐户管理','',0),(703,1,'b0','修改密码','',0),(704,1,'b00','修改密码','/admin/accountPassword.jsp',0),(705,1,'b000','修改','/admin/adminupdatePswd.action',0),(706,1,'4008','查询测评报告','/crm/crmqueryAssessReport.action',0),(707,1,'4009','审核测评报告','/crm/crmexamineAssessReport.action',0),(708,1,'8009','修改进货折扣(代理商)','/admin/adminAction!operateCommdity.action',0),(709,1,'400a','导测评课','/crm/crmexportAssessClass.action',0);

/*Table structure for table `shiro_role` */

DROP TABLE IF EXISTS `shiro_role`;

CREATE TABLE `shiro_role` (
  `role_id` int(11) NOT NULL AUTO_INCREMENT COMMENT '权限角色编号',
  `description` varchar(50) NOT NULL DEFAULT '' COMMENT '角色描述',
  `create_user` int(11) DEFAULT NULL COMMENT '创建人',
  `create_time` datetime DEFAULT NULL COMMENT '创建时间',
  `status` tinyint(4) NOT NULL DEFAULT '0' COMMENT '0、正常 1、删除',
  `builtin` tinyint(4) NOT NULL DEFAULT '0' COMMENT '0、非内置的 1、内置的（内置的记录不允许通过程序修改）',
  PRIMARY KEY (`role_id`),
  UNIQUE KEY `description` (`description`)
) ENGINE=InnoDB AUTO_INCREMENT=113 DEFAULT CHARSET=utf8;

/*Data for the table `shiro_role` */

insert  into `shiro_role`(`role_id`,`description`,`create_user`,`create_time`,`status`,`builtin`) values (0,'管理员(内置)',63,'2016-06-14 01:57:14',0,0),(1,'老师(内置)',63,'2016-06-14 01:57:14',0,0),(2,'学生(内置)',63,'2016-06-14 01:57:14',0,0),(3,'代理商/分销商(内置)',63,'2016-06-14 01:57:14',0,0),(4,'客服(内置)',63,'2016-06-14 01:57:14',0,0),(5,'业务员(内置)',63,'2016-06-14 01:57:14',0,0),(6,'财务公司(内置)',63,'2016-06-14 01:57:14',0,0),(7,'学校(内置)',63,'2016-06-14 01:57:14',0,0),(99,'超级管理员(内置)',63,'2016-06-14 01:57:14',0,0),(100,'客服',363433,'2016-06-13 20:14:07',0,0),(101,'管理员',363433,'2016-06-13 20:28:29',0,0),(102,'客服主管',363433,'2016-06-14 08:48:22',0,0),(103,'商务',363433,'2016-06-14 08:54:10',0,0),(104,'教务',363433,'2016-06-14 09:04:27',0,0),(105,'教务主管',363433,'2016-06-14 09:14:06',0,0),(106,'学习顾问',363433,'2016-06-14 09:22:29',0,0),(107,'市场',363433,'2016-06-14 09:33:05',0,0),(108,'品牌',363433,'2016-06-14 09:36:45',0,0),(109,'课程',363433,'2016-06-14 09:43:07',0,0),(110,'研发',363433,'2016-06-14 09:51:43',0,0),(111,'产品',363433,'2016-06-14 10:07:26',0,0),(112,'财务',363433,'2016-06-14 10:15:02',0,0);

/*Table structure for table `shiro_user_role` */

DROP TABLE IF EXISTS `shiro_user_role`;

CREATE TABLE `shiro_user_role` (
  `id` int(11) NOT NULL AUTO_INCREMENT COMMENT '用户和角色关系编号',
  `user_id` int(11) NOT NULL COMMENT '用户编号',
  `role_id` int(11) NOT NULL COMMENT '角色编号',
  `status` tinyint(4) NOT NULL DEFAULT '0' COMMENT '0、正常 1、删除',
  PRIMARY KEY (`id`),
  UNIQUE KEY `user_role` (`user_id`,`role_id`),
  KEY `user_id` (`user_id`),
  KEY `role_id` (`role_id`),
  CONSTRAINT `shiro_user_role_ibfk_2` FOREIGN KEY (`role_id`) REFERENCES `shiro_role` (`role_id`)
) ENGINE=InnoDB AUTO_INCREMENT=90 DEFAULT CHARSET=utf8;

/*Data for the table `shiro_user_role` */

/*Table structure for table `user` */

DROP TABLE IF EXISTS `user`;

CREATE TABLE `user` (
  `user_id` int(11) NOT NULL AUTO_INCREMENT COMMENT '用户ID',
  `account` varchar(20) NOT NULL COMMENT '账号',
  `user_name` varchar(20) NOT NULL COMMENT '姓名',
  `password` varchar(32) NOT NULL COMMENT '密码',
  `age` tinyint(4) DEFAULT NULL COMMENT '年龄',
  `user_type` tinyint(4) NOT NULL DEFAULT '1' COMMENT '1、学生  2、老师  3、管理员',
  PRIMARY KEY (`user_id`)
) ENGINE=InnoDB AUTO_INCREMENT=9 DEFAULT CHARSET=utf8;

/*Data for the table `user` */

insert  into `user`(`user_id`,`account`,`user_name`,`password`,`age`,`user_type`) values (1,'zjj','张三','e10adc3949ba59abbe56e057f20f883e',18,1),(2,'xyh','李四','e10adc3949ba59abbe56e057f20f883e',19,1),(3,'ll','王五','e10adc3949ba59abbe56e057f20f883e',20,1),(4,'lm','厘米','e10adc3949ba59abbe56e057f20f883e',16,1),(5,'talk','说客','e10adc3949ba59abbe56e057f20f883e',30,1),(6,'bb','宝宝','e10adc3949ba59abbe56e057f20f883e',30,1),(7,'teacher','王老师','e10adc3949ba59abbe56e057f20f883e',18,2),(8,'admin','小小管理员','e10adc3949ba59abbe56e057f20f883e',20,3);

/*!40101 SET SQL_MODE=@OLD_SQL_MODE */;
/*!40014 SET FOREIGN_KEY_CHECKS=@OLD_FOREIGN_KEY_CHECKS */;
/*!40014 SET UNIQUE_CHECKS=@OLD_UNIQUE_CHECKS */;
/*!40111 SET SQL_NOTES=@OLD_SQL_NOTES */;
